33,北京,beijing,bj,1
46,昌平,changping,cp,1
600,朝阳(北京),chaoyang,cy,1
74,大兴,daxing,dx,1
607,房山,fangshan,fs,1
100,丰台,fengtai,ft,1
615,海淀,haidian,hd,1
603,怀柔,huairou,hr,1
608,门头沟,mentougou,mtg,1
281,密云,miyun,my,1
604,平谷,pinggu,pg,1
606,石景山,shijingshan,sjs,1
602,顺义,shunyi,sy,1
601,通州(北京),tongzhou,tz,1
605,延庆,yanqing,yq,1
379,天津,tianjin,tj,2
616,宝坻,baochi,bc,2
622,北辰,beichen,bc,2
624,大港,dagang,dg,2
620,东丽,dongli,dl,2
142,汉沽,hangu,hg,2
619,蓟县,jixian,jx,2
623,津南,jinnan,jn,2
193,静海,jinghai,jh,2
618,宁河,ninghe,nh,2
375,塘沽,tanggu,tg,2
617,武清,wuqing,wq,2
621,西青,xiqing,xq,2
340,上海,shanghai,sh,3
633,宝山,baoshan,bs,3
632,崇明,chongming,cm,3
631,奉贤,fengxian,fx,3
625,嘉定,jiading,jd,3
627,金山,jinshan,js,3
635,闵行,minxing,mx,3
630,南汇,nanhui,nh,3
626,浦东,pudong,pd,3
629,青浦,qingpu,qp,3
628,松江(上海),songjiang,sj,3
634,徐家汇,xujiahui,xjh,3
57,重庆,chongqing,cq,4
640,巴南,banan,bn,4
637,北碚,beibei,bb,4
649,璧山,bishan,bs,4
642,长寿,changshou,cs,4
653,城口,chengkou,ck,4
647,大足,dazu,dz,4
650,垫江,dianjiang,dj,4
652,丰都,fengdou,fd,4
98,奉节,fengjie,fj,4
664,涪陵,fuling,fl,4
148,合川,hechuan,hc,4
182,江津,jiangjin,jj,4
654,开县,kaixian,kx,4
231,梁平,liangping,lp,4
643,南川,nanchuan,nc,4
661,彭水,pengshui,ps,4
644,綦江,qijiang,qj,4
636,黔江,qianjiang,qj,4
648,荣昌,rongchang,rc,4
659,石柱,shizhu,sz,4
646,铜梁,tongliang,tl,4
645,潼南,tongnan,tn,4
662,万盛,wansheng,ws,4
667,万州,wanzhou,wz,4
666,万州天城,wanzhoutiancheng,wztc,4
656,巫山,wushan,ws,4
655,巫溪,wuxi,wx,4
651,武隆,wulong,wl,4
660,秀山,xiushan,xs,4
459,永川,yongchuan,yc,4
463,酉阳,youyang,yy,4
663,渝北,yubei,yb,4
657,云阳,yunyang,yy,4
658,忠县,zhongxian,zx,4
351,沈阳,shenyang,sy,5
12,鞍山,anshan,as,5
711,北票,beipiao,bp,5
694,北镇,beizhen,bz,5
35,本溪,benxi,bx,5
688,本溪县,benxixian,bxx,5
710,昌图,changtu,ct,5
680,长海,changhai,ch,5
51,朝阳(辽宁),chaoyang,cy,5
64,大连,dalian,dl,5
699,大石桥,dashiqiao,dsq,5
705,大洼,dawa,dw,5
65,丹东,dandong,dd,5
702,灯塔,dengta,dt,5
691,东港,donggang,dg,5
672,法库,faku,fk,5
97,凤城,fengcheng,fc,5
106,抚顺,fushun,fs,5
700,阜新,fuxin,fx,5
698,盖州,gaizhou,gz,5
2893,弓长岭,gongzhangling,gzl,5
133,海城,haicheng,hc,5
695,黑山,heishan,hs,5
718,葫芦岛,huludao,hld,5
689,桓仁,huanren,hr,5
721,建昌,jianchang,jc,5
714,建平,jianping,jp,5
717,建平县,jianpingxian,jpx,5
676,金州,jinzhou,jz,5
198,锦州,jinzhou,jz,5
715,喀左,kazuo,kz,5
708,开原,kaiyuan,ky,5
673,康平,kangping,kp,5
218,宽甸,kuandian,kd,5
233,辽阳,liaoyang,ly,5
703,辽阳县,liaoyangxian,lyx,5
671,辽中,liaozhong,lz,5
693,凌海,linghai,lh,5
712,凌源,lingyuan,ly,5
675,旅顺,lvshun,ls,5
704,盘锦,panjin,pj,5
706,盘山,panshan,ps,5
678,普兰店,pulandian,pld,5
685,清原,qingyuan,qy,5
669,苏家屯,sujiatun,sjt,5
720,绥中,suizhong,sz,5
682,台安,taian,ta,5
2894,调兵山,diaobingshan,dbs,5
381,铁岭,tieling,tl,5
677,瓦房店,wafangdian,wfd,5
418,西丰,xifeng,xf,5
686,新宾,xinbin,xb,5
670,新民,xinmin,xm,5
719,兴城,xingcheng,xc,5
683,岫岩,xiuyan,xy,5
696,义县,yixian,yx,5
453,营口,yingkou,yk,5
687,章党,zhangdang,zd,5
482,彰武,zhangwu,zw,5
679,庄河,zhuanghe,zh,5
42,长春,changchun,cc,6
760,安图,antu,at,6
746,白城,baicheng,bc,6
742,白山,baishan,bs,6
41,长白,changbai,cb,6
45,长岭,changling,cl,6
748,大安,daan,da,6
723,德惠,dehui,dh,6
737,东丰,dongfeng,df,6
745,东岗,donggang,dg,6
736,东辽,dongliao,dl,6
88,敦化,dunhua,dh,6
753,扶余,fuyu,fy,6
744,抚松,fusong,fs,6
730,公主岭,gongzhuling,gzl,6
759,和龙,helong,hl,6
162,桦甸,huadian,hd,6
758,珲春,hunchun,hc,6
499,辉南,huinan,hn,6
190,吉林,jilin,jl,6
180,集安,jian,ja,6
2895,江源,jiangyuan,jy,6
726,蛟河,jiaohe,jh,6
743,靖宇,jingyu,jy,6
202,九台,jiutai,jt,6
732,梨树,lishu,ls,6
735,辽源,liaoyuan,ly,6
241,临江,linjiang,lj,6
741,柳河,liuhe,lh,6
757,龙井,longjing,lj,6
739,梅河口,meihekou,mhk,6
724,农安,nongan,na,6
727,磐石,panshi,ps,6
316,前郭,qianguo,qg,6
754,乾安,qianan,qa,6
725,舒兰,shulan,sl,6
731,双辽,shuangliao,sl,6
722,双阳,shuangyang,sy,6
363,四平,siping,sp,6
751,松原,songyuan,sy,6
747,洮南,taonan,tn,6
738,通化,tonghua,th,6
740,通化县,tonghuaxian,thx,6
750,通榆,tongyu,ty,6
756,图们,tumen,tm,6
761,汪清,wangqing,wq,6
755,延边,yanbian,yb,6
444,延吉,yanji,yj,6
733,伊通,yitong,yt,6
728,永吉,yongji,yj,6
476,榆树,yushu,ys,6
749,镇赉,zhenlai,zl,6
146,哈尔滨,haerbin,heb,7
2,阿城,acheng,ac,7
7,安达,anda,ad,7
772,巴彦,bayan,by,7
784,拜泉,baiquan,bq,7
24,宝清,baoqing,bq,7
838,北安,beian,ba,7
771,宾县,binxian,bx,7
831,勃利,boli,bl,7
802,大庆,daqing,dq,7
848,大兴安岭,daxinganling,dxal,7
834,东宁,dongning,dn,7
811,杜蒙,dumeng,dm,7
770,方正,fangzheng,fz,7
829,抚远,fuyuan,fy,7
105,富锦,fujin,fj,7
782,富裕,fuyu,fy,7
781,甘南,gannan,gn,7
136,海林,hailin,hl,7
137,海伦,hailun,hl,7
792,鹤岗,hegang,hg,7
3,黑河,heihe,hh,7
172,呼兰,hulan,hl,7
174,呼玛,huma,hm,7
850,呼中,huzhong,hz,7
173,虎林,hulin,hl,7
827,桦川,huachuan,hc,7
826,桦南,huanan,hn,7
791,鸡东,jidong,jd,7
205,鸡西,jixi,jx,7
799,集贤,jixian,jx,7
849,加格达奇,jiagedaqi,jgdq,7
824,佳木斯,jiamusi,jms,7
821,嘉荫,jiayin,jy,7
783,克东,kedong,kd,7
214,克山,keshan,ks,7
224,兰西,lanxi,lx,7
809,林甸,lindian,ld,7
835,林口,linkou,lk,7
779,龙江,longjiang,lj,7
793,萝北,luobei,lb,7
790,密山,mishan,ms,7
846,明水,mingshui,ms,7
282,漠河,mohe,mh,7
283,牡丹江,mudanjiang,mdj,7
773,木兰,mulan,ml,7
832,穆棱,muling,ml,7
778,讷河,nehe,nh,7
299,嫩江,nenjiang,nj,7
833,宁安,ningan,na,7
830,七台河,qitaihe,qth,7
324,齐齐哈尔,qiqihaer,qqhe,7
844,青冈,qinggang,qg,7
845,庆安,qingan,qa,7
800,饶河,raohe,rh,7
341,尚志,shangzhi,sz,7
359,双城,shuangcheng,sc,7
795,双鸭山,shuangyashan,sys,7
794,绥滨,suibin,sb,7
367,绥芬河,suifenhe,sfh,7
841,绥化,suihua,sh,7
847,绥棱,suiling,sl,7
369,孙吴,sunwu,sw,7
371,塔河,tahe,th,7
373,泰来,tailai,tl,7
828,汤原,tangyuan,ty,7
383,铁力,tieli,tl,7
385,通河,tonghe,th,7
825,同江,tongjiang,tj,7
843,望奎,wangkui,wk,7
822,乌伊岭,wuyiling,wyl,7
766,五常,wuchang,wc,7
839,五大连池,wudalianchi,wdlc,7
823,五营,wuying,wy,7
851,新林,xinlin,xl,7
840,逊克,xunke,xk,7
774,延寿,yanshou,ys,7
504,伊春,yichun,yc,7
780,依安,yian,ya,7
769,依兰,yilan,yl,7
2896,友谊,youyi,yy,7
842,肇东,zhaodong,zd,7
807,肇源,zhaoyuan,zy,7
808,肇州,zhaozhou,zz,7
489,郑州,zhengzhou,zz,8
14,安阳,anyang,ay,8
875,宝丰,baofeng,bf,8
883,博爱,boai,ba,8
913,长葛,changge,cg,8
898,长垣,changyuan,cy,8
958,郸城,dancheng,dc,8
857,登封,dengfeng,df,8
925,邓州,dengzhou,dz,8
907,范县,fanxian,fx,8
927,方城,fangcheng,fc,8
899,封丘,fengqiu,fq,8
955,扶沟,fugou,fg,8
856,巩义,gongyi,gy,8
131,固始,gushi,gs,8
947,光山,guangshan,gs,8
886,鹤壁,hebi,hb,8
903,滑县,huaxian,hx,8
950,淮滨,huaibin,hb,8
160,淮阳,huaiyang,hy,8
949,潢川,huangchuan,hc,8
894,辉县,huixian,hx,8
895,获嘉,huojia,hj,8
864,吉利,jili,jl,8
969,济源,jiyuan,jy,8
877,郏县,jiaxian,jx,8
878,焦作,jiaozuo,jz,8
890,浚县,xunxian,xx,8
209,开封,kaifeng,kf,8
862,兰考,lankao,lk,8
900,林州,linzhou,lz,8
919,临颍,linying,ly,8
922,灵宝,lingbao,lb,8
257,卢氏,lushi,ls,8
876,鲁山,lushan,ls,8
960,鹿邑,luyi,ly,8
867,栾川,luanchuan,lc,8
946,罗山,luoshan,ls,8
871,洛宁,luoning,ln,8
256,洛阳,luoyang,ly,8
254,漯河,luohe,lh,8
866,孟津,mengjin,mj,8
274,孟州,mengzhou,mz,8
965,泌阳,miyang,my,8
940,民权,minquan,mq,8
902,内黄,neihuang,nh,8
932,内乡,neixiang,nx,8
906,南乐,nanle,nl,8
294,南阳,nanyang,ny,8
926,南召,nanzhao,nz,8
942,宁陵,ningling,nl,8
872,平顶山,pingdingshan,pds,8
962,平舆,pingyu,py,8
904,濮阳,puyang,py,8
891,淇县,qixian,qx,8
859,杞县,qixian,qx,8
881,沁阳,qinyang,qy,8
905,清丰,qingfeng,qf,8
964,确山,queshan,qs,8
966,汝南,runan,rn,8
869,汝阳,ruyang,ry,8
874,汝州,ruzhou,rz,8
920,三门峡,sanmenxia,smx,8
923,陕县,shanxian,sx,8
948,商城,shangcheng,sc,8
936,商丘,shangqiu,sq,8
956,商水,shangshui,ss,8
338,上蔡,shangcai,sc,8
852,上街,shangjie,sj,8
929,社旗,sheqi,sq,8
957,沈丘,shenqiu,sq,8
924,渑池,mianchi,mc,8
2897,石龙,shilong,sl,8
868,嵩县,songxian,sx,8
941,睢县,suixian,sx,8
967,遂平,suiping,sp,8
908,台前,taiqian,tq,8
959,太康,taikang,tk,8
901,汤阴,tangyin,ty,8
930,唐河,tanghe,th,8
860,通许,tongxu,tx,8
935,桐柏,tongbo,tb,8
893,卫辉,weihui,wh,8
861,尉氏,weishi,ws,8
885,温县,wenxian,wx,8
884,武陟,wuzhi,wz,8
873,舞钢,wugang,wg,8
918,舞阳,wuyang,wy,8
420,西华,xihua,xh,8
961,西平,xiping,xp,8
933,西峡,xixia,xx,8
951,息县,xixian,xx,8
934,淅川,xichuan,xc,8
944,夏邑,xiayi,xy,8
916,襄城,xiangcheng,xc,8
954,项城,xiangcheng,xc,8
423,新安,xinan,xa,8
968,新蔡,xincai,xc,8
855,新密,xinmi,xm,8
428,新县,xinxian,xx,8
429,新乡,xinxiang,xx,8
931,新野,xinye,xy,8
853,新郑,xinzheng,xz,8
430,信阳,xinyang,xy,8
882,修武,xiuwu,xw,8
910,许昌,xuchang,xc,8
915,鄢陵,yanling,yl,8
897,延津,yanjin,yj,8
865,偃师,yanshi,ys,8
446,叶县,yexian,yx,8
449,伊川,yichuan,yc,8
870,宜阳,yiyang,yy,8
921,义马,yima,ym,8
854,荥阳,yingyang,yy,8
939,永城,yongcheng,yc,8
469,虞城,yucheng,yc,8
912,禹州,yuzhou,yz,8
896,原阳,yuanyang,yy,8
943,柘城,zhecheng,zc,8
928,镇平,zhenping,zp,8
963,正阳,zhengyang,zy,8
858,中牟,zhongmou,zm,8
952,周口,zhoukou,zk,8
495,驻马店,zhumadian,zmd,8
402,武汉,wuhan,wh,9
1011,安陆,anlu,al,9
1034,巴东,badong,bd,9
982,保康,baokang,bk,9
974,蔡甸,caidian,cd,9
1001,长阳,changyang,cy,9
1025,赤壁,chibi,cb,9
1028,崇阳,chongyang,cy,9
73,大悟,dawu,dw,9
975,大冶,daye,dy,9
989,丹江口,danjiangkou,djk,9
997,当阳,dangyang,dy,9
2898,东西湖,dongxihu,dxh,9
2901,掇刀,duodao,dd,9
1004,鄂州,ezhou,ez,9
94,恩施,enshi,es,9
96,房县,fangxian,fx,9
994,公安,gongan,ga,9
981,谷城,gucheng,gc,9
1031,广水,guangshui,gs,9
1010,汉川,hanchuan,hc,9
1038,鹤峰,hefeng,hf,9
1018,红安,hongan,ha,9
992,洪湖,honghu,hh,9
166,黄陂,huangpo,hp,9
1015,黄冈,huanggang,hg,9
1023,黄梅,huangmei,hm,9
167,黄石,huangshi,hs,9
1026,嘉鱼,jiayu,jy,9
995,监利,jianli,jl,9
1033,建始,jianshi,js,9
183,江陵,jiangling,jl,9
973,江夏,jiangxia,jx,9
1008,京山,jingshan,js,9
1007,荆门,jingmen,jm,9
348,荆州,jingzhou,jz,9
1037,来凤,laifeng,lf,9
979,老河口,laohekou,lhk,9
1032,利川,lichuan,lc,9
2902,梁子湖,liangzihu,lzh,9
1019,罗田,luotian,lt,9
263,麻城,macheng,mc,9
2900,茅箭,maojian,mj,9
983,南漳,nanzhang,nz,9
1022,蕲春,qichun,qc,9
1040,潜江,qianjiang,qj,9
1003,三峡,sanxia,sx,9
990,沙市,shashi,ss,9
1009,沙洋,shayang,sy,9
1042,神农架,shennongjia,snj,9
984,十堰,shiyan,sy,9
991,石首,shishou,ss,9
993,松滋,songzi,sz,9
1030,随州,suizhou,sz,9
1041,天门,tianmen,tm,9
2904,铁山,tieshan,ts,9
1027,通城,tongcheng,tc,9
1029,通山,tongshan,ts,9
1017,团风,tuanfeng,tf,9
1002,五峰,wufeng,wf,9
1016,武穴,wuxue,wx,9
2903,西塞山,xisaishan,xss,9
1021,浠水,xishui,xs,9
2905,下陆,xialu,xl,9
1039,仙桃,xiantao,xt,9
1036,咸丰,xianfeng,xf,9
1024,咸宁,xianning,xn,9
977,襄阳,xiangyang,xy,9
978,襄州,xiangzhou,xz,9
1013,孝昌,xiaochang,xc,9
416,孝感,xiaogan,xg,9
972,新洲,xinzhou,xz,9
999,兴山,xingshan,xs,9
1035,宣恩,xuanen,xe,9
976,阳新,yangxin,yx,9
1006,夷陵,yiling,yl,9
448,宜昌,yichang,yc,9
1005,宜昌县,yichangxian,ycx,9
980,宜城,yicheng,yc,9
996,宜都,yidou,yd,9
1012,应城,yingcheng,yc,9
1020,英山,yingshan,ys,9
998,远安,yuanan,ya,9
1014,云梦,yunmeng,ym,9
986,郧西,yunxi,yx,9
985,郧县,yunxian,yx,9
478,枣阳,zaoyang,zy,9
2899,张湾,zhangwan,zw,9
491,枝江,zhijiang,zj,9
493,钟祥,zhongxiang,zx,9
987,竹山,zhushan,zs,9
988,竹溪,zhuxi,zx,9
1000,秭归,zigui,zg,9
47,长沙,changsha,cs,10
1089,安化,anhua,ah,10
1099,安仁,anren,ar,10
1079,安乡,anxiang,ax,10
1131,保靖,baojing,bj,10
1051,茶陵,chaling,cl,10
43,常德,changde,cd,10
1058,常宁,changning,cn,10
55,郴州,chenzhou,cz,10
1114,辰溪,chenxi,cx,10
1070,城步,chengbu,cb,10
1086,慈利,cili,cl,10
1106,道县,daoxian,dx,10
1104,东安,dongan,da,10
1068,洞口,dongkou,dk,10
1129,凤凰,fenghuang,fh,10
1132,古丈,guzhang,gz,10
1098,桂东,guidong,gd,10
1092,桂阳,guiyang,gy,10
1080,汉寿,hanshou,hs,10
1090,赫山区,heshanqu,hsq,10
1062,衡东,hengdong,hd,10
1060,衡南,hengnan,hn,10
1061,衡山,hengshan,hs,10
1056,衡阳,hengyang,hy,10
1059,衡阳县,hengyangxian,hyx,10
1113,洪江,hongjiang,hj,10
1130,花垣,huayuan,hy,10
1074,华容,huarong,hr,10
1112,怀化,huaihua,hh,10
1117,会同,huitong,ht,10
1128,吉首,jishou,js,10
1095,嘉禾,jiahe,jh,10
1111,江华,jianghua,jh,10
1107,江永,jiangyong,jy,10
1078,津市,jinshi,js,10
1121,靖州,jingzhou,jz,10
1109,蓝山,lanshan,ls,10
1057,耒阳,leiyang,ly,10
1123,冷水江,lengshuijiang,lsj,10
1127,冷水滩,lengshuitan,lst,10
1082,澧县,lixian,lx,10
1048,醴陵,liling,ll,10
1124,涟源,lianyuan,ly,10
1081,临澧,linli,ll,10
1096,临武,linwu,lw,10
1072,临湘,linxiang,lx,10
247,浏阳,liuyang,ly,10
1134,龙山,longshan,ls,10
1067,隆回,longhui,lh,10
1122,娄底,loudi,ld,10
260,泸溪,luxi,lx,10
1118,麻阳,mayang,my,10
1046,马坡岭,mapoling,mpl,10
1071,汨罗,miluo,ml,10
293,南县,nanxian,nx,10
295,南岳,nanyue,ny,10
1045,宁乡,ningxiang,nx,10
1108,宁远,ningyuan,ny,10
1076,平江,pingjiang,pj,10
1063,祁东,qidong,qd,10
1103,祁阳,qiyang,qy,10
1097,汝城,rucheng,rc,10
334,桑植,sangzhi,sz,10
1055,韶山,shaoshan,ss,10
1064,邵东,shaodong,sd,10
347,邵阳,shaoyang,sy,10
1066,邵阳县,shaoyangxian,syx,10
1084,石门,shimen,sm,10
1125,双峰,shuangfeng,sf,10
1105,双牌,shuangpai,sp,10
2906,苏仙,suxian,sx,10
368,绥宁,suining,sn,10
1088,桃江,taojiang,tj,10
1083,桃源,taoyuan,ty,10
384,通道,tongdao,td,10
1044,望城,wangcheng,wc,10
401,武冈,wugang,wg,10
2907,武陵源,wulingyuan,wly,10
413,湘潭,xiangtan,xt,10
1053,湘乡,xiangxiang,xx,10
1075,湘阴,xiangyin,xy,10
1126,新化,xinhua,xh,10
1119,新晃,xinhuang,xh,10
1069,新宁,xinning,xn,10
1065,新邵,xinshao,xs,10
1110,新田,xintian,xt,10
1115,溆浦,xupu,xp,10
1052,炎陵,yanling,yl,10
1093,宜章,yizhang,yz,10
456,益阳,yiyang,yy,10
1133,永顺,yongshun,ys,10
1094,永兴,yongxing,yx,10
1100,永州,yongzhou,yz,10
1050,攸县,youxian,yx,10
1087,沅江,yuanjiang,yj,10
466,沅陵,yuanling,yl,10
471,岳阳,yueyang,yy,10
1085,张家界,zhangjiajie,zjj,10
1120,芷江,zhijiang,zj,10
1116,中方,zhongfang,zf,10
1047,株洲,zhuzhou,zz,10
1091,资兴,zixing,zx,10
289,南宁,nanning,nn,11
1203,巴马,bama,bm,11
19,百色,baise,bs,11
32,北海,beihai,bh,11
1182,北流,beiliu,bl,11
1139,宾阳,binyang,by,11
1185,博白,bobai,bb,11
1161,苍梧,cangwu,cw,11
1160,岑溪,cenxi,cx,11
2909,长洲,changzhou,cz,11
1208,崇左,chongzuo,cz,11
1205,大化,dahua,dh,11
1210,大新,daxin,dx,11
1190,德保,debao,db,11
1200,东兰,donglan,dl,11
1168,东兴(广西),dongxing,dx,11
1201,都安,douan,da,11
1165,防城,fangcheng,fc,11
1167,防城港,fangchenggang,fcg,11
1198,凤山,fengshan,fs,11
103,扶绥,fusui,fs,11
1172,富川,fuchuan,fc,11
1158,恭城,gongcheng,gc,11
1153,灌阳,guanyang,gy,11
1179,贵港,guigang,gg,11
128,桂林,guilin,gl,11
129,桂平,guiping,gp,11
1163,合浦,hepu,hp,11
1174,合山,heshan,hs,11
147,河池,hechi,hc,11
1169,贺州,hezhou,hz,11
1140,横县,hengxian,hx,11
1204,环江,huanjiang,hj,11
1178,金秀,jinxiu,jx,11
1193,靖西,jingxi,jx,11
1173,来宾,laibin,lb,11
1189,乐业,leye,ly,11
1154,荔浦,lipu,lp,11
1149,临桂,lingui,lg,11
1150,灵川,lingchuan,lc,11
1206,灵山,lingshan,ls,11
1186,凌云,lingyun,ly,11
1143,柳城,liucheng,lc,11
1142,柳江,liujiang,lj,11
248,柳州,liuzhou,lz,11
1157,龙胜,longsheng,ls,11
252,龙州,longzhou,lz,11
1136,隆安,longan,la,11
1195,隆林,longlin,ll,11
1184,陆川,luchuan,lc,11
1144,鹿寨,luzhai,lz,11
1202,罗城,luocheng,lc,11
1137,马山,mashan,ms,11
273,蒙山,mengshan,ms,11
296,那坡,neipo,np,11
1199,南丹,nandan,nd,11
1209,宁明,ningming,nm,11
1187,平果,pingguo,pg,11
1151,平乐,pingle,pl,11
1180,平南,pingnan,pn,11
1212,凭祥,pingxiang,px,11
1207,浦北,pubei,pb,11
322,钦州,qinzhou,qz,11
1159,全州,quanzhou,qz,11
1183,容县,rongxian,rx,11
1145,融安,rongan,ra,11
1146,融水,rongshui,rs,11
1147,三江,sanjiang,sj,11
1138,上林,shanglin,sl,11
1166,上思,shangsi,ss,11
1162,藤县,tengxian,tx,11
1211,天等,tiandeng,td,11
1197,天峨,tiane,te,11
1194,田东,tiandong,td,11
1191,田林,tianlin,tl,11
1192,田阳,tianyang,ty,11
1164,涠洲岛,weizhoudao,wzd,11
408,梧州,wuzhou,wz,11
404,武鸣,wuming,wm,11
1176,武宣,wuxuan,wx,11
1188,西林,xilin,xl,11
1175,象州,xiangzhou,xz,11
1177,忻城,xincheng,xc,11
1152,兴安,xingan,xa,11
2910,兴业,xingye,xy,11
1148,阳朔,yangshuo,ys,11
1196,宜州,yizhou,yz,11
1135,邕宁,yongning,yn,11
1156,永福,yongfu,yf,11
1181,玉林,yulin,yl,11
1171,昭平,zhaoping,zp,11
1170,钟山,zhongshan,zs,11
1155,资源,ziyuan,zy,11
126,广州,guangzhou,gz,12
1254,博罗,boluo,bl,12
2921,潮安,chaoan,ca,12
1221,潮阳,chaoyang,cy,12
1277,潮州,chaozhou,cz,12
1222,澄海,chenghai,ch,12
2914,赤坎,chikan,ck,12
1216,从化,conghua,ch,12
1259,大埔,dapu,dp,12
1252,德庆,deqing,dq,12
1242,电白,dianbai,db,12
506,东莞,dongguan,dg,12
2918,东源,dongyuan,dy,12
1219,斗门,doumen,dm,12
1239,恩平,enping,ep,12
1213,番禺,fanyu,fy,12
1260,丰顺,fengshun,fs,12
1251,封开,fengkai,fk,12
101,佛冈,fogang,fg,12
102,佛山,foshan,fs,12
1233,高明,gaoming,gm,12
114,高要,gaoyao,gy,12
1240,高州,gaozhou,gz,12
1249,广宁,guangning,gn,12
1265,海丰,haifeng,hf,12
1269,和平,heping,hp,12
153,河源,heyuan,hy,12
1238,鹤山,heshan,hs,12
1214,花都,huadou,hd,12
1241,化州,huazhou,hz,12
1250,怀集,huaiji,hj,12
1220,黄茅洲,huangmaozhou,hmz,12
1255,惠东,huidong,hd,12
1282,惠来,huilai,hl,12
1253,惠阳,huiyang,hy,12
171,惠州,huizhou,hz,12
2917,江海,jianghai,jh,12
184,江门,jiangmen,jm,12
1263,蕉岭,jiaoling,jl,12
2923,揭东,jiedong,jd,12
1281,揭西,jiexi,jx,12
1279,揭阳,jieyang,jy,12
2911,金湾,jinwan,jw,12
1237,开平,kaiping,kp,12
1225,乐昌,lechang,lc,12
1244,雷州,leizhou,lz,12
1275,连南,liannan,ln,12
232,连平,lianping,lp,12
1274,连山,lianshan,ls,12
230,连州,lianzhou,lz,12
1243,廉江,lianjiang,lj,12
1268,龙川,longchuan,lc,12
1256,龙门,longmen,lm,12
1264,陆丰,lufeng,lf,12
1266,陆河,luhe,lh,12
1284,罗定,luoding,ld,12
2912,麻章,mazhang,mz,12
2924,茂港,maogang,mg,12
268,茂名,maoming,mm,12
270,梅县,meixian,mx,12
1257,梅州,meizhou,mz,12
1223,南澳,nanao,na,12
1234,南海,nanhai,nh,12
1226,南雄,nanxiong,nx,12
2916,蓬江,pengjiang,pj,12
1262,平远,pingyuan,py,12
2913,坡头,potou,pt,12
1280,普宁,puning,pn,12
2919,清新,qingxin,qx,12
321,清远,qingyuan,qy,12
1224,曲江,qujiang,qj,12
1278,饶平,raoping,rp,12
1228,仁化,renhua,rh,12
1231,乳源,ruyuan,ry,12
336,三水,sanshui,ss,12
342,汕头,shantou,st,12
343,汕尾,shanwei,sw,12
339,上川岛,shangchuandao,scd,12
344,韶关,shaoguan,sg,12
352,深圳,shenzhen,sz,12
1227,始兴,shixing,sx,12
1232,顺德,shunde,sd,12
1248,四会,sihui,sh,12
1246,遂溪,suixi,sx,12
1236,台山,taishan,ts,12
1229,翁源,wengyuan,wy,12
1245,吴川,wuchuan,wc,12
1261,五华,wuhua,wh,12
2926,武江,wujiang,wj,12
2915,霞山,xiashan,xs,12
1230,新丰,xinfeng,xf,12
1235,新会,xinhui,xh,12
1285,新兴,xinxing,xx,12
431,信宜,xinyi,xy,12
1258,兴宁,xingning,xn,12
435,徐闻,xuwen,xw,12
1270,阳春,yangchun,yc,12
2922,阳东,yangdong,yd,12
441,阳江,yangjiang,yj,12
1273,阳山,yangshan,ys,12
1271,阳西,yangxi,yx,12
1272,英德,yingde,yd,12
1286,郁南,yunan,yn,12
2920,云安,yunan,ya,12
1283,云浮,yunfu,yf,12
1215,增城,zengcheng,zc,12
485,湛江,zhanjiang,zj,12
1247,肇庆,zhaoqing,zq,12
2925,浈江,zhenjiang,zj,12
1276,中山,zhongshan,zs,12
1218,珠海,zhuhai,zh,12
1267,紫金,zijin,zj,12
134,海口,haikou,hk,13
1298,白沙,baisha,bs,13
1301,保亭,baoting,bt,13
1297,昌江,changjiang,cj,13
1294,澄迈,chengmai,cm,13
1292,儋州,danzhou,dz,13
1295,定安,dingan,da,13
83,东方,dongfang,df,13
1302,乐东,ledong,ld,13
1293,临高,lingao,lg,13
1300,陵水,lingshui,ls,13
291,南沙岛,nanshadao,nsd,13
323,琼海,qionghai,qh,13
1299,琼中,qiongzhong,qz,13
1288,三亚,sanya,sy,13
1296,屯昌,tunchang,tc,13
1290,万宁,wanning,wn,13
1289,文昌,wenchang,wc,13
1291,五指山,wuzhishan,wzs,13
1303,西沙,xisha,xs,13
288,南京,nanjing,nj,14
1397,宝应,baoying,by,14
1387,滨海,binhai,bh,14
48,常熟,changshu,cs,14
50,常州,changzhou,cz,14
1375,楚州,chuzhou,cz,14
1385,大丰,dafeng,df,14
1400,丹徒,dantu,dt,14
1401,丹阳,danyang,dy,14
1368,东海,donghai,dh,14
86,东台,dongtai,dt,14
1334,丰县,fengxian,fx,14
1388,阜宁,funing,fn,14
112,赣榆,ganyu,gy,14
1316,高淳,gaochun,gc,14
1395,高邮,gaoyou,gy,14
1370,灌南,guannan,gn,14
1369,灌云,guanyun,gy,14
1362,海安,haian,ha,14
1361,海门,haimen,hm,14
1392,邗江,hanjiang,hj,14
1378,洪泽,hongze,hz,14
319,淮安,huaian,ha,14
1381,淮阴区,huaiyinqu,hyq,14
1389,建湖,jianhu,jh,14
1396,江都,jiangdou,jd,14
1313,江宁,jiangning,jn,14
1317,江浦,jiangpu,jp,14
1325,江阴,jiangyin,jy,14
1409,姜堰,jiangyan,jy,14
1380,金湖,jinhu,jh,14
1343,金坛,jintan,jt,14
1407,靖江,jingjiang,jj,14
207,句容,jurong,jr,14
1351,昆山,kunshan,ks,14
1315,溧水,lishui,ls,14
249,溧阳,liyang,ly,14
1364,连云港,lianyungang,lyg,14
1377,涟水,lianshui,ls,14
1314,六合,liuhe,lh,14
259,吕泗,lvsi,ls,14
292,南通,nantong,nt,14
1335,沛县,peixian,px,14
1333,邳州,pizhou,pz,14
1310,浦口,pukou,pk,14
1358,启东,qidong,qd,14
1363,如东,rudong,rd,14
1359,如皋,rugao,rg,14
353,射阳,sheyang,sy,14
360,沭阳,shuyang,sy,14
1414,泗洪,sihong,sh,14
1413,泗阳,siyang,sy,14
503,苏州,suzhou,sz,14
1410,宿迁,suqian,sq,14
1412,宿豫,suyu,sy,14
1337,睢宁,suining,sn,14
1353,太仓,taicang,tc,14
1408,泰兴,taixing,tx,14
1403,泰州,taizhou,tz,14
1360,通州(南通),tongzhou,tz,14
1336,铜山,tongshan,ts,14
1318,无锡,wuxi,wx,14
1352,吴江,wujiang,wj,14
1354,吴县东山,wuxiandongshan,wxds,14
1348,吴中,wuzhong,wz,14
1342,武进,wujin,wj,14
1323,锡山,xishan,xs,14
1386,响水,xiangshui,xs,14
1332,新沂,xinyi,xy,14
1406,兴化,xinghua,xh,14
1379,盱眙,xuyi,xy,14
436,徐州,xuzhou,xz,14
1382,盐城,yancheng,yc,14
1384,盐都,yandou,yd,14
1402,扬中,yangzhong,yz,14
1390,扬州,yangzhou,yz,14
1394,仪征,yizheng,yz,14
1326,宜兴,yixing,yx,14
1350,张家港,zhangjiagang,zjg,14
490,镇江,zhenjiang,zj,14
143,杭州,hangzhou,hz,15
1461,安吉,anji,aj,15
1442,北仑,beilun,bl,15
1452,苍南,cangnan,cn,15
1462,长兴,changxing,cx,15
1477,常山,changshan,cs,15
1421,淳安,chunan,ca,15
1438,慈溪,cixi,cx,15
1482,岱山,daishan,ds,15
1460,德清,deqing,dq,15
79,定海,dinghai,dh,15
1470,东阳,dongyang,dy,15
1451,洞头,dongtou,dt,15
1439,奉化,fenghua,fh,15
1418,富阳,fuyang,fy,15
138,海宁,haining,hn,15
1459,海盐,haiyan,hy,15
1433,洪家,hongjia,hj,15
177,湖州,huzhou,hz,15
1424,黄岩,huangyan,hy,15
1458,嘉善,jiashan,js,15
188,嘉兴,jiaxing,jx,15
1417,建德,jiande,jd,15
1476,江山,jiangshan,js,15
1423,椒江,jiaojiang,jj,15
1468,金华,jinhua,jh,15
1485,缙云,jinyun,jy,15
1490,景宁,jingning,jn,15
1478,开化,kaihua,kh,15
1469,兰溪,lanxi,lx,15
1446,乐清,yueqing,yq,15
245,丽水,lishui,ls,15
1419,临安,linan,la,15
239,临海,linhai,lh,15
1483,龙泉,longquan,lq,15
1479,龙游,longyou,ly,15
1425,路桥,luqiao,lq,15
1434,宁波,ningbo,nb,15
1440,宁海,ninghai,nh,15
1474,磐安,panan,pa,15
1456,平湖,pinghu,ph,15
1449,平阳,pingyang,py,15
1473,浦江,pujiang,pj,15
1481,普陀,putuo,pt,15
1484,青田,qingtian,qt,15
1489,庆元,qingyuan,qy,15
2927,衢江,qujiang,qj,15
1475,衢州,quzhou,qz,15
1445,瑞安,ruian,ra,15
1431,三门,sanmen,sm,15
1465,上虞,shangyu,sy,15
346,绍兴,shaoxing,sx,15
349,嵊泗,shengsi,ss,15
1466,嵊州,shengzhou,sz,15
357,石浦,shipu,sp,15
1487,松阳,songyang,sy,15
1486,遂昌,suichang,sc,15
1422,台州,taizhou,tz,15
1450,泰顺,taishun,ts,15
1428,天台,tiantai,tt,15
1420,桐庐,tonglu,tl,15
1457,桐乡,tongxiang,tx,15
1426,温岭,wenling,wl,15
398,温州,wenzhou,wz,15
1448,文成,wencheng,wc,15
1472,武义,wuyi,wy,15
1429,仙居,xianju,xj,15
1441,象山,xiangshan,xs,15
1415,萧山,xiaoshan,xs,15
1467,新昌,xinchang,xc,15
455,义乌,yiwu,yw,15
1435,鄞州,yinzhou,yz,15
1447,永嘉,yongjia,yj,15
1471,永康,yongkang,yk,15
1416,余杭,yuhang,yh,15
1437,余姚,yuyao,yy,15
1427,玉环,yuhuan,yh,15
1488,云和,yunhe,yh,15
1436,镇海,zhenhai,zh,15
1480,舟山,zhoushan,zs,15
1464,诸暨,zhuji,zj,15
285,南昌,nanchang,nc,16
1544,安福,anfu,af,16
1493,安义,anyi,ay,16
2929,安源,anyuan,ay,16
1525,安远,anyuan,ay,16
38,波阳,boyang,by,16
1561,崇仁,chongren,cr,16
1524,崇义,chongyi,cy,16
1522,大余,dayu,dy,16
1507,德安,dean,da,16
1569,德兴,dexing,dx,16
1527,定南,dingnan,dn,16
1566,东乡(江西),dongxiang,dx,16
1509,都昌,douchang,dc,16
1514,分宜,fenyi,fy,16
1549,丰城,fengcheng,fc,16
1552,奉新,fengxin,fx,16
1497,浮梁,fuliang,fl,16
1567,抚州,fuzhou,fz,16
1520,赣县,ganxian,gx,16
113,赣州,ganzhou,gz,16
1551,高安,gaoan,ga,16
123,广昌,guangchang,gc,16
1571,广丰,guangfeng,gf,16
1516,贵溪,guixi,gx,16
1574,横峰,hengfeng,hf,16
1510,湖口,hukou,hk,16
1532,会昌,huichang,hc,16
1536,吉安,jian,ja,16
1548,吉安县,jianxian,jax,16
1537,吉水,jishui,js,16
1564,金溪,jinxi,jx,16
1494,进贤,jinxian,jx,16
1547,井冈山,jinggangshan,jgs,16
192,景德镇,jingdezhen,jdz,16
1556,靖安,jingan,ja,16
199,九江,jiujiang,jj,16
1562,乐安,lean,la,16
1496,乐平,leping,lp,16
1559,黎川,lichuan,lc,16
1499,莲花,lianhua,lh,16
1495,莲塘,liantang,lt,16
1526,龙南,longnan,ln,16
253,庐山,lushan,ls,16
1501,芦溪,luxi,lx,16
1491,南昌县,nanchangxian,ncx,16
286,南城,nancheng,nc,16
1560,南丰,nanfeng,nf,16
1519,南康,nankang,nk,16
1529,宁都,ningdou,nd,16
1546,宁冈,ninggang,ng,16
1511,彭泽,pengze,pz,16
1498,萍乡,pingxiang,px,16
1579,鄱阳,poyang,py,16
1573,铅山,qianshan,qs,16
1528,全南,quannan,qn,16
1512,瑞昌,ruichang,rc,16
1518,瑞金,ruijin,rj,16
1554,上高,shanggao,sg,16
1500,上栗,shangli,sl,16
1568,上饶,shangrao,sr,16
1570,上饶县,shangraoxian,srx,16
1523,上犹,shangyou,sy,16
1533,石城,shicheng,sc,16
1541,遂川,suichuan,sc,16
1542,泰和,taihe,th,16
1557,铜鼓,tonggu,tg,16
1543,万安,wanan,wa,16
1577,万年,wannian,wn,16
1553,万载,wanzai,wz,16
1504,武宁,wuning,wn,16
1578,婺源,wuyuan,wy,16
1538,峡江,xiajiang,xj,16
2928,湘东,xiangdong,xd,16
1539,新干,xingan,xg,16
1492,新建,xinjian,xj,16
1513,新余,xinyu,xy,16
1521,信丰,xinfeng,xf,16
1531,兴国,xingguo,xg,16
1508,星子,xingzi,xz,16
1505,修水,xiushui,xs,16
434,寻乌,xunwu,xw,16
505,宜春,yichun,yc,16
1555,宜丰,yifeng,yf,16
1563,宜黄,yihuang,yh,16
1575,弋阳,yiyang,yy,16
1515,鹰潭,yingtan,yt,16
1540,永丰,yongfeng,yf,16
1545,永新,yongxin,yx,16
1506,永修,yongxiu,yx,16
1530,于都,yudou,yd,16
1576,余干,yugan,yg,16
1517,余江,yujiang,yj,16
1572,玉山,yushan,ys,16
1550,樟树,zhangshu,zs,16
1565,资溪,zixi,zx,16
191,济南,jinan,jn,17
1618,安丘,anqiu,aq,17
1674,滨州,binzhou,bz,17
1587,博山,boshan,bs,17
1678,博兴,boxing,bx,17
1649,苍山,cangshan,cs,17
1680,曹县,caoxian,cx,17
1621,昌乐,changle,cl,17
1620,昌邑,changyi,cy,17
40,长岛,changdao,cd,17
1580,长清,changqing,cq,17
54,成山头,chengshantou,cst,17
1681,成武,chengwu,cw,17
1669,茌平,chiping,cp,17
66,单县,danxian,dx,17
1655,德州,dezhou,dz,17
80,定陶,dingtao,dt,17
1670,东阿,donga,da,17
1684,东明,dongming,dm,17
1641,东平,dongping,dp,17
1600,东营,dongying,dy,17
1639,肥城,feicheng,fc,17
1650,费县,feixian,fx,17
1606,福山,fushan,fs,17
1619,高密,gaomi,gm,17
1591,高青,gaoqing,gq,17
1672,高唐,gaotang,gt,17
1671,冠县,guanxian,gx,17
1602,广饶,guangrao,gr,17
1613,海阳,haiyang,hy,17
1603,河口(东营),hekou,hk,17
154,菏泽,heze,hz,17
1590,桓台,huantai,ht,17
169,惠民,huimin,hm,17
1583,即墨,jimo,jm,17
197,济宁,jining,jn,17
1581,济阳,jiyang,jy,17
1632,嘉祥,jiaxiang,jx,17
186,胶南,jiaonan,jn,17
187,胶州,jiaozhou,jz,17
1631,金乡,jinxiang,jx,17
1652,莒南,junan,jn,17
1643,莒县,juxian,jx,17
1682,巨野,juye,jy,17
1683,鄄城,juancheng,jc,17
1601,垦利,kenli,kl,17
1644,莱芜,laiwu,lw,17
1585,莱西,laixi,lx,17
1608,莱阳,laiyang,ly,17
1609,莱州,laizhou,lz,17
1586,崂山,laoshan,ls,17
1656,乐陵,leling,ll,17
234,利津,lijin,lj,17
1636,梁山,liangshan,ls,17
1665,聊城,liaocheng,lc,17
1666,临清,linqing,lq,17
1622,临朐,linqu,lq,17
1654,临沭,linshu,ls,17
1645,临沂,linyi,ly,17
1660,临邑,linyi,ly,17
1592,临淄,linzi,lz,17
238,陵县,lingxian,lx,17
250,龙口,longkou,lk,17
1653,蒙阴,mengyin,my,17
1607,牟平,mouping,mp,17
1658,宁津,ningjin,nj,17
1640,宁阳,ningyang,ny,17
1610,蓬莱,penglai,pl,17
1584,平度,pingdu,pd,17
1651,平邑,pingyi,py,17
309,平阴,pingyin,py,17
1662,平原,pingyuan,py,17
1612,栖霞,qixia,qx,17
1661,齐河,qihe,qh,17
318,青岛,qingdao,qd,17
1615,青州,qingzhou,qz,17
1659,庆云,qingyun,qy,17
1628,曲阜,qufu,qf,17
329,日照,rizhao,rz,17
1626,荣成,rongcheng,rc,17
1625,乳山,rushan,rs,17
1582,商河,shanghe,sh,17
1627,石岛,shidao,sd,17
1617,寿光,shouguang,sg,17
1635,泗水,sishui,ss,17
1597,台儿庄,taierzhuang,tez,17
1637,泰安,taian,ta,17
1647,郯城,tancheng,tc,17
1598,滕州,tengzhou,tz,17
2930,天桥,tianqiao,tq,17
1623,威海,weihai,wh,17
1633,微山,weishan,ws,17
395,潍坊,weifang,wf,17
1624,文登,wendeng,wd,17
1634,汶上,wenshang,ws,17
1676,无棣,wudi,wd,17
1642,五莲,wulian,wl,17
1664,武城,wucheng,wc,17
1663,夏津,xiajin,xj,17
1668,莘县,xinxian,xx,17
1638,新泰,xintai,xt,17
1594,薛城,xuecheng,xc,17
1604,烟台,yantai,yt,17
445,兖州,yanzhou,yz,17
1667,阳谷,yanggu,yg,17
1675,阳信,yangxin,yx,17
1646,沂南,yinan,yn,17
1648,沂水,yishui,ys,17
457,沂源,yiyuan,yy,17
1595,峄城,yicheng,yc,17
1630,鱼台,yutai,yt,17
1657,禹城,yucheng,yc,17
474,郓城,yuncheng,yc,17
1593,枣庄,zaozhuang,zz,17
1677,沾化,zhanhua,zh,17
481,章丘,zhangqiu,zq,17
1611,招远,zhaoyuan,zy,17
494,周村,zhoucun,zc,17
1616,诸城,zhucheng,zc,17
497,淄博,zibo,zb,17
1588,淄川,zichuan,zc,17
1629,邹城,zoucheng,zc,17
1679,邹平,zouping,zp,17
149,合肥,hefei,hf,18
11,安庆,anqing,aq,18
34,蚌埠,bangbu,bb,18
1747,亳州,bozhou,bz,18
1685,长丰,changfeng,cf,18
1737,巢湖,chaohu,ch,18
1752,池州,chizhou,cz,18
1716,滁州,chuzhou,cz,18
1703,枞阳,zongyang,zy,18
1697,当涂,dangtu,dt,18
1731,砀山,dangshan,ds,18
1721,定远,dingyuan,dy,18
1754,东至,dongzhi,dz,18
1690,繁昌,fanchang,fc,18
1687,肥东,feidong,fd,18
1686,肥西,feixi,fx,18
1695,凤台,fengtai,ft,18
1722,凤阳,fengyang,fy,18
1726,阜南,funan,fn,18
107,阜阳,fuyang,fy,18
1692,固镇,guzhen,gz,18
1761,广德,guangde,gd,18
1739,含山,hanshan,hs,18
1738,和县,hexian,hx,18
1705,怀宁,huaining,hn,18
1691,怀远,huaiyuan,hy,18
1698,淮北,huaibei,hb,18
1694,淮南,huainan,hn,18
165,黄山,huangshan,hs,18
1714,黄山(景区),huangshan,hs,18
1715,黄山区,huangshanqu,hsq,18
1744,霍邱,huoqiu,hq,18
175,霍山,huoshan,hs,18
1765,绩溪,jixi,jx,18
1723,界首,jieshou,js,18
1746,金寨,jinzhai,jz,18
1763,泾县,jingxian,jx,18
1764,旌德,jingde,jd,18
1757,九华山,jiuhuashan,jhs,18
1720,来安,laian,la,18
1762,郎溪,langxi,lx,18
1749,利辛,lixin,lx,18
1724,临泉,linquan,lq,18
1732,灵璧,lingbi,lb,18
1742,六安,liuan,la,18
1740,庐江,lujiang,lj,18
1696,马鞍山,maanshan,mas,18
1751,蒙城,mengcheng,mc,18
1718,明光,mingguang,mg,18
1689,南陵,nanling,nl,18
1760,宁国,ningguo,ng,18
2931,潘集,panji,pj,18
1712,祁门,qimen,qm,18
1708,潜山,qianshan,qs,18
1756,青阳,qingyang,qy,18
1719,全椒,quanjiao,qj,18
1755,石台,shitai,st,18
1743,寿县,shouxian,sx,18
1745,舒城,shucheng,sc,18
1730,泗县,sixian,sx,18
1702,宿松,susong,ss,18
1728,宿州,suzhou,sz,18
1699,濉溪,suixi,sx,18
1727,太和,taihe,th,18
1704,太湖,taihu,th,18
1717,天长,tianchang,tc,18
1701,桐城,tongcheng,tc,18
1700,铜陵,tongling,tl,18
1709,屯溪,tunxi,tx,18
1707,望江,wangjiang,wj,18
1750,涡阳,woyang,wy,18
1741,无为,wuwei,ww,18
403,芜湖,wuhu,wh,18
1688,芜湖县,wuhuxian,whx,18
1693,五河,wuhe,wh,18
1711,歙县,shexian,sx,18
1729,萧县,xiaoxian,xx,18
1710,休宁,xiuning,xn,18
1758,宣城,xuancheng,xc,18
1713,黟县,yixian,yx,18
1725,颍上,yingshang,ys,18
1706,岳西,yuexi,yx,18
109,福州,fuzhou,fz,19
1782,安溪,anxi,ax,19
1767,长乐,changle,cl,19
1790,长泰,changtai,ct,19
49,长汀,changting,ct,19
2932,城厢,chengxiang,cx,19
1786,崇武,chongwu,cw,19
1810,大田,datian,dt,19
1784,德化,dehua,dh,19
1791,东山,dongshan,ds,19
1817,福安,fuan,fa,19
104,福鼎,fuding,fd,19
1766,福清,fuqing,fq,19
1819,古田,gutian,gt,19
1798,光泽,guangze,gz,19
2935,涵江,hanjiang,hj,19
1794,华安,huaan,ha,19
1781,惠安,huian,ha,19
1815,建宁,jianning,jn,19
1795,建瓯,jianou,jo,19
185,建阳,jianyang,jy,19
1813,将乐,jiangle,jl,19
1779,晋江,jinjiang,jj,19
203,九仙山,jiuxianshan,jxs,19
2934,荔城,licheng,lc,19
1804,连城,liancheng,lc,19
1769,连江,lianjiang,lj,19
1787,龙海,longhai,lh,19
1801,龙岩,longyan,ly,19
1770,罗源,luoyuan,ly,19
1768,闽侯,minhou,mh,19
279,闽清,minqing,mq,19
1807,明溪,mingxi,mx,19
1780,南安,nanan,na,19
1792,南靖,nanjing,nj,19
290,南平,nanping,np,19
1816,宁德,ningde,nd,19
1809,宁化,ninghua,nh,19
1793,平和,pinghe,ph,19
306,平潭,pingtan,pt,19
1820,屏南,pingnan,pn,19
1774,莆田,putian,pt,19
1797,浦城,pucheng,pc,19
1808,清流,qingliu,ql,19
327,泉州,quanzhou,qz,19
1806,三明,sanming,sm,19
1812,沙县,shaxian,sx,19
1805,上杭,shanghang,sh,19
345,邵武,shaowu,sw,19
1778,石狮,shishi,ss,19
1821,寿宁,shouning,sn,19
1796,顺昌,shunchang,sc,19
1799,松溪,songxi,sx,19
1814,泰宁,taining,tn,19
1773,同安,tongan,ta,19
1802,武平,wuping,wp,19
407,武夷山,wuyishan,wys,19
1818,霞浦,xiapu,xp,19
412,厦门,shamen,sm,19
1776,仙游,xianyou,xy,19
2933,秀屿,xiuyu,xy,19
1777,秀屿港,xiuyugang,xyg,19
458,永安,yongan,ya,19
1783,永春,yongchun,yc,19
1803,永定,yongding,yd,19
1771,永泰,yongtai,yt,19
1811,尤溪,youxi,yx,19
1788,云霄,yunxiao,yx,19
479,漳平,zhangping,zp,19
204,漳浦,zhangpu,zp,19
484,漳州,zhangzhou,zz,19
1789,诏安,zhaoan,za,19
1823,柘荣,zherong,zr,19
1800,政和,zhenghe,zh,19
1822,周宁,zhouning,zn,19
355,石家庄,shijiazhuang,sjz,20
1887,安国,anguo,ag,20
1955,安平,anping,ap,20
1901,安新,anxin,ax,20
1941,霸州,bazhou,bz,20
1873,柏乡,boxiang,bx,20
22,保定,baoding,bd,20
1853,北戴河,beidaihe,bdh,20
312,泊头,botou,bt,20
1905,博野,boye,by,20
1929,沧县,cangxian,cx,20
1926,沧州,cangzhou,cz,20
1939,曹妃甸,caofeidian,cfd,20
1848,昌黎,changli,cl,20
1859,成安,chengan,ca,20
52,承德,chengde,cd,20
1920,承德县,chengdexian,cdx,20
1912,赤城,chicheng,cc,20
1915,崇礼,chongli,cl,20
1867,磁县,cixian,cx,20
1948,大厂,dachang,dc,20
1946,大城,daicheng,dc,20
1860,大名,daming,dm,20
1894,定兴,dingxing,dx,20
82,定州,dingzhou,dz,20
1932,东光,dongguang,dg,20
1865,肥乡,feixiang,fx,20
1840,丰南,fengnan,fn,20
99,丰宁,fengning,fn,20
1839,丰润,fengrun,fr,20
1869,峰峰,fengfeng,ff,20
1850,抚宁,funing,fn,20
1954,阜城,fucheng,fc,20
1892,阜平,fuping,fp,20
1888,高碑店,gaobeidian,gbd,20
1896,高阳,gaoyang,gy,20
115,高邑,gaoyi,gy,20
1824,藁城,gaocheng,gc,20
1913,沽源,guyuan,gy,20
1943,固安,guan,ga,20
1953,故城,gucheng,gc,20
1857,馆陶,guantao,gt,20
1864,广平,guangping,gp,20
1880,广宗,guangzong,gz,20
1933,海兴,haixing,hx,20
1854,邯郸,handan,hd,20
1928,河间,hejian,hj,20
1949,衡水,hengshui,hs,20
1914,怀安,huaian,ha,20
163,怀来,huailai,hl,20
500,黄骅,huanghua,hh,20
1862,鸡泽,jize,jz,20
1950,冀州,jizhou,jz,20
1826,晋州,jinzhou,jz,20
1830,井陉,jingxing,jx,20
1957,景县,jingxian,jx,20
1884,巨鹿,julu,jl,20
1909,康保,kangbao,kb,20
1925,宽城,kuancheng,kc,20
1891,涞水,laishui,ls,20
1898,涞源,laiyuan,ly,20
1940,廊坊,langfang,lf,20
227,乐亭,laoting,lt,20
1904,蠡县,lixian,lx,20
1879,临城,lincheng,lc,20
1881,临西,linxi,lx,20
1866,临漳,linzhang,lz,20
1833,灵寿,lingshou,ls,20
1922,隆化,longhua,lh,20
1878,隆尧,longyao,ly,20
1849,卢龙,lulong,ll,20
1828,鹿泉,luquan,lq,20
1831,栾城,luancheng,lc,20
1844,滦南,luannan,ln,20
1924,滦平,luanping,lp,20
1847,滦县,luanxian,lx,20
1889,满城,mancheng,mc,20
1938,孟村,mengcun,mc,20
1882,内邱,neiqiu,nq,20
1870,南宫,nangong,ng,20
1886,南和,nanhe,nh,20
1936,南皮,nanpi,np,20
1876,宁晋,ningjin,nj,20
1923,平泉,pingquan,pq,20
1829,平山,pingshan,ps,20
1883,平乡,pingxiang,px,20
1842,迁安,qianan,qa,20
1843,迁西,qianxi,qx,20
502,秦皇岛,qinhuangdao,qhd,20
320,青龙,qinglong,ql,20
1930,青县,qingxian,qx,20
1875,清河,qinghe,qh,20
1890,清苑,qingyuan,qy,20
1863,邱县,qiuxian,qx,20
1903,曲阳,quyang,qy,20
1856,曲周,quzhou,qz,20
1951,饶阳,raoyang,ry,20
1927,任丘,renqiu,rq,20
1874,任县,renxian,rx,20
1897,容城,rongcheng,rc,20
1942,三河,sanhe,sh,20
1871,沙河,shahe,sh,20
1916,尚义,shangyi,sy,20
1861,涉县,shexian,sx,20
1836,深泽,shenze,sz,20
350,深州,shenzhou,sz,20
1907,顺平,shunping,sp,20
1935,肃宁,suning,sn,20
1846,唐海,tanghai,th,20
376,唐山,tangshan,ts,20
1895,唐县,tangxian,tx,20
1919,万全,wanquan,wq,20
1899,望都,wangdou,wd,20
1877,威县,weixian,wx,20
394,围场,weichang,wc,20
1917,蔚县,yuxian,yx,20
1858,魏县,weixian,wx,20
1947,文安,wenan,wa,20
1837,无极,wuji,wj,20
1937,吴桥,wuqiao,wq,20
1868,武安,wuan,wa,20
1958,武强,wuqiang,wq,20
1956,武邑,wuyi,wy,20
1931,献县,xianxian,xx,20
1945,香河,xianghe,xh,20
1825,辛集,xinji,xj,20
1885,新河,xinhe,xh,20
1827,新乐,xinle,xl,20
1921,兴隆,xinglong,xl,20
1832,行唐,xingtang,xt,20
425,邢台,xingtai,xt,20
1906,雄县,xiongxian,xx,20
1893,徐水,xushui,xs,20
1908,宣化,xuanhua,xh,20
1934,盐山,yanshan,ys,20
1911,阳原,yangyuan,yy,20
1902,易县,yixian,yx,20
1855,永年,yongnian,yn,20
1944,永清,yongqing,yq,20
1845,玉田,yutian,yt,20
1838,元氏,yuanshi,ys,20
1835,赞皇,zanhuang,zh,20
1952,枣强,zaoqiang,zq,20
1910,张北,zhangbei,zb,20
480,张家口,zhangjiakou,zjk,20
1834,赵县,zhaoxian,zx,20
488,正定,zhengding,zd,20
1918,涿鹿,zhuolu,zl,20
496,涿州,zhuozhou,zz,20
1841,遵化,zunhua,zh,20
374,太原,taiyuan,ty,21
2038,安泽,anze,az,21
2027,保德,baode,bd,21
1976,长治,changzhi,cz,21
1982,长子,zhangzi,zz,21
2043,大宁,daning,dn,21
71,大同,datong,dt,21
1966,大同县,datongxian,dtx,21
2020,代县,daixian,dx,21
2019,定襄,dingxiang,dx,21
2021,繁峙,fanzhi,fz,21
2055,方山,fangshan,fs,21
2046,汾西,fenxi,fx,21
2050,汾阳,fenyang,fy,21
2039,浮山,fushan,fs,21
1988,高平,gaoping,gp,21
1960,古交,gujiao,gj,21
2037,古县,guxian,gx,21
1971,广灵,guangling,gl,21
2000,和顺,heshun,hs,21
2007,河津,hejin,hj,21
152,河曲,hequ,hq,21
2036,洪洞,hongdong,hd,21
2031,侯马,houma,hm,21
1981,壶关,huguan,hg,21
1996,怀仁,huairen,hr,21
1972,浑源,hunyuan,hy,21
2032,霍州,huozhou,hz,21
2040,吉县,jixian,jx,21
2012,稷山,jishan,js,21
1965,尖草坪,jiancaoping,jcp,21
2015,绛县,jiangxian,jx,21
2059,交城,jiaocheng,jc,21
2058,交口,jiaokou,jk,21
189,介休,jiexiu,jx,21
1987,晋城,jincheng,jc,21
1998,晋中,jinzhong,jz,21
2023,静乐,jingle,jl,21
2026,岢岚,kelan,kl,21
2057,岚县,lanxian,lx,21
2048,离石,lishi,ls,21
1980,黎城,licheng,lc,21
2030,临汾,linfen,lf,21
2054,临县,linxian,lx,21
2009,临猗,linyi,ly,21
1968,灵丘,lingqiu,lq,21
244,灵石,lingshi,ls,21
1991,陵川,lingchuan,lc,21
2056,柳林,liulin,ll,21
1963,娄烦,loufan,lf,21
1986,潞城,lucheng,lc,21
2047,吕梁,lvliang,ll,21
2022,宁武,ningwu,nw,21
2028,偏关,pianguan,pg,21
1973,平定,pingding,pd,21
1997,平鲁,pinglu,pl,21
2016,平陆,pinglu,pl,21
1979,平顺,pingshun,ps,21
308,平遥,pingyao,py,21
2042,蒲县,puxian,px,21
2004,祁县,qixian,qx,21
1990,沁水,qinshui,qs,21
1984,沁县,qinxian,qx,21
1985,沁源,qinyuan,qy,21
1962,清徐,qingxu,qx,21
2033,曲沃,quwo,qw,21
2008,芮城,ruicheng,rc,21
1993,山阴,shanyin,sy,21
2024,神池,shenchi,sc,21
2060,石楼,shilou,sl,21
2002,寿阳,shouyang,sy,21
1992,朔州,shuozhou,sz,21
2003,太谷,taigu,tg,21
1967,天镇,tianzhen,tz,21
1978,屯留,tunliu,tl,21
2010,万荣,wanrong,wr,21
2051,文水,wenshui,ws,21
2013,闻喜,wenxi,wx,21
406,五台山,wutaishan,wts,21
2029,五台县,wutaixian,wtx,21
2025,五寨,wuzhai,wz,21
1983,武乡,wuxiang,wx,21
2001,昔阳,xiyang,xy,21
2045,隰县,xixian,xx,21
2014,夏县,xiaxian,xx,21
2041,乡宁,xiangning,xn,21
2035,襄汾,xiangfen,xf,21
1977,襄垣,xiangyuan,xy,21
1964,小店,xiaodian,xd,21
2049,孝义,xiaoyi,xy,21
2018,忻州,xinzhou,xz,21
2011,新绛,xinjiang,xj,21
2053,兴县,xingxian,xx,21
440,阳城,yangcheng,yc,21
1969,阳高,yanggao,yg,21
1961,阳曲,yangqu,yq,21
443,阳泉,yangquan,yq,21
2034,翼城,yicheng,yc,21
1994,应县,yingxian,yx,21
2044,永和,yonghe,yh,21
2006,永济,yongji,yj,21
1995,右玉,youyu,yy,21
464,盂县,yuxian,yx,21
470,榆次,yuci,yc,21
475,榆社,yushe,ys,21
2017,垣曲,yuanqu,yq,21
468,原平,yuanping,yp,21
2005,运城,yuncheng,yc,21
1989,泽州,zezhou,zz,21
2052,中阳,zhongyang,zy,21
1999,左权,zuoquan,zq,21
1970,左云,zuoyun,zy,21
156,呼和浩特,huhehaote,hhht,22
1,阿巴嘎,abaga,abg,22
2143,阿尔山,aershan,aes,22
2075,阿鲁旗,aluqi,alq,22
2107,阿荣旗,arongqi,arq,22
2153,阿右旗,ayouqi,ayq,22
2152,阿左旗,azuoqi,azq,22
8,敖汉,aohan,ah,22
2082,八里罕,balihan,blh,22
2074,巴林右旗,balinyouqi,blyq,22
2078,巴林左旗,balinzuoqi,blzq,22
2089,巴雅尔吐胡硕,bayaertuhushuo,byeths,22
2158,巴彦诺尔贡,bayannuoergong,byneg,22
2069,白云鄂博,baiyunebo,byeb,22
26,包头,baotou,bt,22
2080,宝国吐,baoguotu,bgt,22
39,博克图,boketu,bkt,22
2131,察右后旗,chayouhouqi,cyhq,22
2129,察右前旗,chayouqianqi,cyqq,22
2130,察右中旗,chayouzhongqi,cyzq,22
2106,陈旗,chenqi,cq,22
56,赤峰,chifeng,cf,22
62,达拉特,dalate,dlt,22
2067,达茂旗,damaoqi,dmq,22
2120,大佘太,dashetai,dst,22
2114,磴口,dengkou,dk,22
2093,东胜,dongsheng,ds,22
2133,东乌旗,dongwuqi,dwq,22
90,多伦,duolun,dl,22
2105,额尔古纳,eerguna,eegn,22
2154,额济纳旗,ejinaqi,ejnq,22
2092,鄂尔多斯,eerduosi,eeds,22
2109,鄂伦春旗,elunchunqi,elcq,22
2096,鄂前旗,eqianqi,eqq,22
303,鄂托克,etuoke,etk,22
2111,鄂温克旗,ewenkeqi,ewkq,22
95,二连浩特,erlianhaote,elht,22
2123,丰镇,fengzhen,fz,22
2081,岗子,gangzi,gz,22
2090,高力板,gaoliban,glb,22
2104,根河,genhe,gh,22
132,固阳,guyang,gy,22
121,拐子湖,guaizihu,gzh,22
135,海拉尔,hailaer,hle,22
2119,海力素,hailisu,hls,22
2115,杭锦后旗,hangjinhouqi,hjhq,22
2097,杭锦旗,hangjinqi,hjq,22
2079,浩尔吐,haoertu,het,22
2063,和林,helin,hl,22
151,河南(内蒙),henan,hn,22
2100,呼伦贝尔,hulunbeier,hlbe,22
2066,呼市郊区,hushijiaoqu,hsjq,22
2150,胡尔勒,huerle,hel,22
161,化德,huade,hd,22
2148,霍林郭勒,huolinguole,hlgl,22
178,吉兰太,jilantai,jlt,22
2122,集宁,jining,jn,22
2073,喀喇沁,kalaqin,klq,22
2084,开鲁,kailu,kl,22
2146,科右前旗,keyouqianqi,kyqq,22
2147,科右中旗,keyouzhongqi,kyzq,22
2086,科左后旗,kezuohouqi,kzhq,22
2085,科左中旗,kezuozhongqi,kzzq,22
2077,克什克腾,keshenketeng,kskt,22
217,库伦,kulun,kl,22
2127,凉城,liangcheng,lc,22
243,林西,linxi,lx,22
240,临河,linhe,lh,22
2155,孪井滩,luanjingtan,ljt,22
266,满都拉,mandoula,mdl,22
2101,满洲里,manzhouli,mzl,22
2110,莫力达瓦,molidawa,mldw,22
297,那仁宝力格,neirenbaolige,nrblg,22
2087,奈曼,naiman,nm,22
2072,宁城,ningcheng,nc,22
2088,青龙山,qinglongshan,qls,22
2064,清水河(内蒙),qingshuihe,qsh,22
2126,商都,shangdou,sd,22
2091,舍伯吐,shebotu,sbt,22
2128,四子王旗,siziwangqi,szwq,22
2135,苏右旗,suyouqi,syq,22
2134,苏左旗,suzuoqi,szq,22
2149,索伦,suolun,sl,22
2136,太仆寺,taipusi,tps,22
386,通辽,tongliao,tl,22
2156,头道湖,toudaohu,tdh,22
2144,突泉,tuquan,tq,22
387,图里河,tulihe,tlh,22
2068,土右旗,tuyouqi,tyq,22
2065,土左旗,tuzuoqi,tzq,22
2061,托县,tuoxian,tx,22
2076,翁牛特,wengniute,wnt,22
2070,乌海,wuhai,wh,22
2118,乌后旗,wuhouqi,whq,22
2140,乌拉盖,wulagai,wlg,22
2142,乌兰浩特,wulanhaote,wlht,22
2117,乌前旗,wuqianqi,wqq,22
2095,乌审旗,wushenqi,wsq,22
2098,乌审召,wushenzhao,wsz,22
2160,乌斯泰,wusitai,wst,22
2116,乌中旗,wuzhongqi,wzq,22
2113,五原,wuyuan,wy,22
2062,武川,wuchuan,wc,22
410,西乌旗,xiwuqi,xwq,22
2132,希拉穆仁,xilamuren,xlmr,22
2161,锡林高勒,xilingaole,xlgl,22
421,锡林浩特,xilinhaote,xlht,22
2139,镶黄旗,xianghuangqi,xhq,22
415,小二沟,xiaoergou,xeg,22
422,新右旗,xinyouqi,xyq,22
2108,新左旗,xinzuoqi,xzq,22
2124,兴和,xinghe,xh,22
2102,牙克石,yakeshi,yks,22
2159,雅布赖,yabulai,ybl,22
92,伊金霍洛,yijinhuoluo,yjhl,22
2099,伊克乌素,yikewusu,ykws,22
2145,扎赉特,zhalaite,zlt,22
2103,扎兰屯,zhalantun,zlt,22
179,扎鲁特,zhalute,zlt,22
2138,正兰旗,zhenglanqi,zlq,22
2137,正镶白旗,zhengxiangbaiqi,zxbq,22
2157,中泉子,zhongquanzi,zqz,22
206,朱日和,zhurihe,zrh,22
2094,准格尔,zhungeer,zge,22
2125,卓资,zhuozi,zz,22
411,西安,xian,xa,23
9,安康,ankang,ak,23
2205,安塞,ansai,as,23
2243,白河,baihe,bh,23
2199,白水,baishui,bs,23
23,宝鸡,baoji,bj,23
37,彬县,binxian,bx,23
2162,长安,changan,ca,23
2188,长武,changwu,cw,23
2171,陈仓,chencang,cc,23
2215,城固,chenggu,cg,23
2198,澄城,chengcheng,cc,23
2190,淳化,chunhua,ch,23
2197,大荔,dali,dl,23
2247,丹凤,danfeng,df,23
2228,定边,dingbian,db,23
2179,凤县,fengxian,fx,23
2172,凤翔,fengxiang,fx,23
2223,佛坪,foping,fp,23
2174,扶风,fufeng,ff,23
2225,府谷,fugu,fg,23
2201,富平,fuping,fp,23
2209,富县,fuxian,fx,23
2208,甘泉,ganquan,gq,23
2163,高陵,gaoling,gl,23
2194,韩城,hancheng,hc,23
2235,汉阴,hanyin,hy,23
145,汉中,hanzhong,hz,23
2200,合阳,heyang,hy,23
2226,横山,hengshan,hs,23
2165,户县,huxian,hx,23
2195,华县,huaxian,hx,23
2193,华阴,huayin,hy,23
2213,黄陵,huangling,hl,23
2212,黄龙,huanglong,hl,23
2231,佳县,jiaxian,jx,23
2184,泾阳,jingyang,jy,23
2227,靖边,jingbian,jb,23
2239,岚皋,langao,lg,23
2164,蓝田,lantian,lt,23
2186,礼泉,liquan,lq,23
242,临潼,lintong,lt,23
2178,麟游,linyou,ly,23
2222,留坝,liuba,lb,23
2176,陇县,longxian,lx,23
2220,略阳,lveyang,ly,23
2210,洛川,luochuan,lc,23
2246,洛南,luonan,ln,23
2175,眉县,meixian,mx,23
2230,米脂,mizhi,mz,23
2218,勉县,mianxian,mx,23
2214,南郑,nanzheng,nz,23
2219,宁强,ningqiang,nq,23
2237,宁陕,ningshan,ns,23
2240,平利,pingli,pl,23
313,蒲城,pucheng,pc,23
2173,岐山,qishan,qs,23
2177,千阳,qianyang,qy,23
2185,乾县,qianxian,qx,23
2233,清涧,qingjian,qj,23
2183,三原,sanyuan,sy,23
2249,山阳,shanyang,sy,23
2244,商洛,shangluo,sl,23
2248,商南,shangnan,sn,23
2939,商县,shangxian,sx,23
2224,神木,shenmu,sm,23
2236,石泉,shiquan,sq,23
2229,绥德,suide,sd,23
2180,太白,taibai,tb,23
2168,铜川,tongchuan,tc,23
2196,潼关,tongguan,tg,23
396,渭南,weinan,wn,23
2232,吴堡,wubao,wb,23
2207,吴起,wuqi,wq,23
2191,武功,wugong,wg,23
2217,西乡,xixiang,xx,23
414,咸阳,xianyang,xy,23
2182,兴平,xingping,xp,23
2242,旬阳,xunyang,xy,23
2189,旬邑,xunyi,xy,23
438,延安,yanan,ya,23
2202,延长,yanchang,yc,23
2203,延川,yanchuan,yc,23
2192,杨凌,yangling,yl,23
2216,洋县,yangxian,yx,23
2169,耀县,yaoxian,yx,23
2938,耀州,yaozhou,yz,23
2211,宜川,yichuan,yc,23
2170,宜君,yijun,yj,23
2187,永寿,yongshou,ys,23
472,榆林,yulin,yl,23
2937,榆阳,yuyang,yy,23
2250,镇安,zhenan,za,23
2221,镇巴,zhenba,zb,23
2241,镇坪,zhenping,zp,23
2206,志丹,zhidan,zd,23
2166,周至,zhouzhi,zz,23
2204,子长,zichang,zc,23
2234,子洲,zizhou,zz,23
2238,紫阳,ziyang,zy,23
2251,柞水,zuoshui,zs,23
452,银川,yinchuan,yc,24
2255,大武口,dawukou,dwk,24
2264,固原,guyuan,gy,24
2271,海原,haiyuan,hy,24
2253,贺兰,helan,hl,24
2256,惠农,huinong,hn,24
2267,泾源,jingyuan,jy,24
2252,灵武,lingwu,lw,24
2268,隆德,longde,ld,24
2266,彭阳,pengyang,py,24
2257,平罗,pingluo,pl,24
2260,青铜峡,qingtongxia,qtx,24
366,石炭井,shitanjing,stj,24
2254,石嘴山,shizuishan,szs,24
2258,陶乐,taole,tl,24
2261,同心,tongxin,tx,24
2259,吴忠,wuzhong,wz,24
2265,西吉,xiji,xj,24
439,盐池,yanchi,yc,24
461,永宁,yongning,yn,24
492,中宁,zhongning,zn,24
2270,中卫,zhongwei,zw,24
225,兰州,lanzhou,lz,25
2304,阿克塞,akesai,aks,25
2318,安定,anding,ad,25
20,白银,baiyin,by,25
2326,成县,chengxian,cx,25
2297,崇信,chongxin,cx,25
2327,宕昌,dangchang,dc,25
2347,迭部,diebu,db,25
81,定西,dingxi,dx,25
2340,东乡(甘肃),dongxiang,dx,25
89,敦煌,dunhuang,dh,25
111,甘谷,gangu,gg,25
2275,皋兰,gaolan,gl,25
2293,高台,gaotai,gt,25
2288,古浪,gulang,gl,25
2307,瓜州,guazhou,gz,25
2338,广河,guanghe,gh,25
2313,合水,heshui,hs,25
2343,合作,hezuo,hz,25
2339,和政,hezheng,hz,25
2314,华池,huachi,hc,25
2298,华亭,huating,ht,25
2315,环县,huanxian,hx,25
2333,徽县,huixian,hx,25
2279,会宁,huining,hn,25
2341,积石山,jishishan,jss,25
2286,嘉峪关,jiayuguan,jyg,25
2276,金昌,jinchang,jc,25
2303,金塔,jinta,jt,25
2299,泾川,jingchuan,jc,25
2278,景泰,jingtai,jt,25
196,靖远,jingyuan,jy,25
2296,静宁,jingning,jn,25
201,酒泉,jiuquan,jq,25
2336,康乐,kangle,kl,25
2328,康县,kangxian,kx,25
2301,崆峒,kongtong,kt,25
2331,礼县,lixian,lx,25
2332,两当,liangdang,ld,25
2344,临潭,lintan,lt,25
2320,临洮,lintao,lt,25
2334,临夏,linxia,lx,25
2292,临泽,linze,lz,25
2295,灵台,lingtai,lt,25
2324,陇西,longxi,lx,25
2349,碌曲,liuqu,lq,25
269,马鬃山,mazongshan,mzs,25
2348,玛曲,maqu,mq,25
2284,麦积,maiji,mj,25
2290,民乐,minle,ml,25
278,民勤,minqin,mq,25
2322,岷县,minxian,mx,25
2316,宁县,ningxian,nx,25
164,平川,pingchuan,pc,25
305,平凉,pingliang,pl,25
2282,秦安,qinan,qa,25
2281,清水,qingshui,qs,25
2311,庆城,qingcheng,qc,25
2309,庆阳,qingyang,qy,25
2291,山丹,shandan,sd,25
2305,肃北,subei,sb,25
2294,肃南,sunan,sn,25
380,天水,tianshui,ts,25
2289,天祝,tianzhu,tz,25
2319,通渭,tongwei,tw,25
2323,渭源,weiyuan,wy,25
2329,文县,wenxian,wx,25
405,乌鞘岭,wuqiaoling,wql,25
400,武都,wudou,wd,25
2280,武山,wushan,ws,25
2287,武威,wuwei,ww,25
2310,西峰,xifeng,xf,25
2330,西和,xihe,xh,25
2350,夏河,xiahe,xh,25
2277,永昌,yongchang,yc,25
2273,永登,yongdeng,yd,25
2337,永靖,yongjing,yj,25
2274,榆中,yuzhong,yz,25
473,玉门,yumen,ym,25
2283,张家川,zhangjiachuan,zjc,25
483,张掖,zhangye,zy,25
2321,漳县,zhangxian,zx,25
2312,镇原,zhenyuan,zy,25
2317,正宁,zhengning,zn,25
2346,舟曲,zhouqu,zq,25
2300,庄浪,zhuanglang,zl,25
2345,卓尼,zhuoni,zn,25
426,西宁,xining,xn,26
2374,班玛,banma,bm,26
388,称多,chengduo,cd,26
70,达日,dari,dr,26
60,大柴旦,dachaidan,dcd,26
72,大通,datong,dt,26
76,德令哈,delingha,dlh,26
87,都兰,doulan,dl,26
2378,多县,duoxian,dx,26
2375,甘德,gande,gd,26
110,刚察,gangcha,gc,26
118,格尔木,geermu,gem,26
2367,共和,gonghe,gh,26
2369,贵德,guide,gd,26
2371,贵南,guinan,gn,26
2377,果洛,guoluo,gl,26
2361,海北,haibei,hb,26
2358,海东,haidong,hd,26
2372,海南(青海),hainan,hn,26
2385,海西,haixi,hx,26
139,海晏,haiyan,hy,26
2884,河南(青海),henan,hn,26
2355,互助,huzhu,hz,26
2356,化隆,hualong,hl,26
2366,黄南,huangnan,hn,26
2351,湟源,huangyuan,hy,26
2352,湟中,huangzhong,hz,26
2364,尖扎,jianzha,jz,26
2376,久治,jiuzhi,jz,26
2354,乐都,ledou,ld,26
226,冷湖,lenghu,lh,26
264,玛多,maduo,md,26
2373,玛沁,maqin,mq,26
267,茫崖,mangya,my,26
2360,门源,menyuan,my,26
277,民和,minhe,mh,26
2382,囊谦,nangqian,nq,26
2353,平安,pingan,pa,26
2359,祁连,qilian,ql,26
328,曲麻莱,qumalai,qml,26
2384,天峻,tianjun,tj,26
2368,同德,tongde,td,26
2363,同仁,tongren,tr,26
2383,乌兰,wulan,wl,26
2370,兴海,xinghai,xh,26
2357,循化,xunhua,xh,26
2379,玉树,yushu,ys,26
477,杂多,zaduo,zd,26
2365,泽库,zeku,zk,26
2381,治多,zhiduo,zd,26
391,乌鲁木齐,wulumuqi,wlmq,27
4,阿合奇,aheqi,ahq,27
2414,阿克苏,akesu,aks,27
2439,阿克陶,aketao,akt,27
5,阿拉尔,alaer,ale,27
2405,阿拉山口,alashankou,alsk,27
6,阿勒泰,aletai,alt,27
2438,阿图什,atushen,ats,27
2418,阿瓦提,awati,awt,27
16,巴楚,bachu,bc,27
2412,巴里坤,balikun,blk,27
30,巴音布鲁克,bayinbuluke,byblk,27
2941,白碱滩,baijiantan,bjt,27
2392,白杨沟,baiyanggou,byg,27
2417,拜城,baicheng,bc,27
31,北塔山,beitashan,bts,27
2448,博湖,bohu,bh,27
2404,博乐,bole,bl,27
2469,布尔津,buerjin,bej,27
2397,蔡家湖,caijiahu,cjh,27
2425,策勒,cele,cl,27
2461,察布查尔,chabuchaer,cbce,27
44,昌吉,changji,cj,27
2398,达坂城,dabancheng,dbc,27
2464,额敏,emin,em,27
2470,福海,fuhai,fh,27
2451,阜康,fukang,fk,27
108,富蕴,fuyun,fy,27
2429,伽师,jiashi,js,27
2456,巩留,gongliu,gl,27
208,哈巴河,habahe,hbh,27
141,哈密,hami,hm,27
155,和布克赛尔,hebukesaier,hbkse,27
2468,和丰,hefeng,hf,27
2446,和静,hejing,hj,27
2447,和硕,heshuo,hs,27
158,和田,hetian,ht,27
2452,呼图壁,hutubi,htb,27
2455,霍城,huocheng,hc,27
2463,霍尔果斯,huoerguosi,hegs,27
2472,吉木乃,jimunai,jmn,27
2453,吉木萨尔,jimusaer,jmse,27
194,精河,jinghe,jh,27
213,喀什,kashen,ks,27
2419,柯坪,keping,kp,27
212,克拉玛依,kelamayi,klmy,27
2410,克孜勒,kezile,kzl,27
221,库车,kuche,kc,27
216,库尔勒,kuerle,kel,27
2940,奎屯,kuitun,kt,27
2442,轮台,luntai,lt,27
2424,洛浦,luopu,lp,27
265,玛纳斯,manasi,mns,27
2433,麦盖提,maigaiti,mgt,27
280,米泉,miquan,mq,27
2427,民丰,minfeng,mf,27
2401,莫索湾,mosuowan,msw,27
2423,墨玉,moyu,my,27
2454,木垒,mulei,ml,27
2460,尼勒克,nileke,nlk,27
2403,炮台,paotai,pt,27
310,皮山,pishan,ps,27
325,奇台,qitai,qt,27
2444,且末,qiemo,qm,27
2471,青河,qinghe,qh,27
333,若羌,ruoqiang,rq,27
2465,沙湾,shawan,sw,27
2416,沙雅,shaya,sy,27
2435,莎车,shache,sc,27
2407,鄯善,shanshan,ss,27
2400,石河子,shihezi,shz,27
2436,疏附,shufu,sf,27
2432,疏勒,shule,sl,27
370,塔城,tacheng,tc,27
2437,塔什库尔干,tashenkuergan,tskeg,27
2449,塔中,tazhong,tz,27
2459,特克斯,tekesi,tks,27
2396,天池,tianchi,tc,27
382,铁干里克,tieganlike,tglk,27
389,吐鲁番,tulufan,tlf,27
2408,托克逊,tuokexun,tkx,27
2466,托里,tuoli,tl,27
2443,尉犁,weili,wl,27
2406,温泉,wenquan,wq,27
2415,温宿,wensu,ws,27
2942,乌尔禾,wuerhe,weh,27
2395,乌牧试站,wumushizhan,wmsz,27
2440,乌恰,wuqia,wq,27
2421,乌什,wushen,ws,27
392,乌苏,wusu,ws,27
2391,小渠子,xiaoquzi,xqz,27
2420,新和,xinhe,xh,27
2457,新源,xinyuan,xy,27
2445,焉耆,yanqi,yq,27
2430,叶城,yecheng,yc,27
454,伊宁,yining,yn,27
2462,伊宁县,yiningxian,ynx,27
2411,伊吾,yiwu,yw,27
2434,英吉沙,yingjisha,yjs,27
2426,于田,yutian,yt,27
2467,裕民,yumin,ym,27
2431,岳普湖,yuepuhu,yph,27
2428,泽普,zepu,zp,27
2458,昭苏,zhaosu,zs,27
53,成都,chengdou,cd,28
2573,阿坝,aba,ab,28
15,安县,anxian,ax,28
2568,安岳,anyue,ay,28
28,巴塘,batang,bt,28
27,巴中,bazhong,bz,28
2587,白玉,baiyu,by,28
2561,宝兴,baoxing,bx,28
2508,北川,beichuan,bc,28
2596,布拖,butuo,bt,28
2513,苍溪,cangxi,cx,28
2542,长宁,changning,cn,28
2478,崇州,chongzhou,cz,28
2555,达川,dachuan,dc,28
2551,达县,daxian,dx,28
59,达州,dazhou,dz,28
2483,大邑,dayi,dy,28
2554,大竹,dazhu,dz,28
2582,丹巴,danba,db,28
2537,丹棱,danling,dl,28
2586,道孚,daofu,df,28
67,稻城,daocheng,dc,28
2591,得荣,derong,dr,28
2604,德昌,dechang,dc,28
75,德格,dege,dg,28
2498,德阳,deyang,dy,28
2520,东兴(内江),dongxing,dx,28
2475,都江堰,doujiangyan,djy,28
2527,峨边,ebian,eb,28
2528,峨眉,emei,em,28
93,峨眉山,emeishan,ems,28
2489,富顺,fushun,fs,28
2595,甘洛,ganluo,gl,28
116,甘孜,ganzi,gz,28
2543,高县,gaoxian,gx,28
120,珙县,gongxian,gx,28
2497,古蔺,gulin,gl,28
122,广安,guangan,ga,28
2499,广汉,guanghan,gh,28
2509,广元,guangyuan,gy,28
2562,汉源,hanyuan,hy,28
150,合江,hejiang,hj,28
2576,黑水,heishui,hs,28
2571,红原,hongyuan,hy,28
2536,洪雅,hongya,hy,28
2547,华蓥,huaying,hy,28
2601,会东,huidong,hd,28
168,会理,huili,hl,28
2522,夹江,jiajiang,jj,28
2524,犍为,jianwei,jw,28
2567,简阳,jianyang,jy,28
2512,剑阁,jiange,jg,28
2544,江安,jiangan,ja,28
2504,江油,jiangyou,jy,28
2577,金川,jinchuan,jc,28
2479,金堂,jintang,jt,28
2594,金阳,jinyang,jy,28
2523,井研,jingyan,jy,28
200,九龙,jiulong,jl,28
2570,九寨沟,jiuzhaigou,jzg,28
2545,筠连,yunlian,yl,28
2553,开江,kaijiang,kj,28
211,康定,kangding,kd,28
223,阆中,langzhong,lz,28
2521,乐山,leshan,ls,28
229,乐至,lezhi,lz,28
2597,雷波,leibo,lb,28
246,理塘,litang,lt,28
2574,理县,lixian,lx,28
2607,凉山,liangshan,ls,28
2549,邻水,linshui,ls,28
2486,龙泉驿,longquanyi,lqy,28
2518,隆昌,longchang,lc,28
2556,芦山,lushan,ls,28
2590,泸定,luding,ld,28
2495,泸县,luxian,lx,28
261,泸州,luzhou,lz,28
2583,炉霍,luhuo,lh,28
2503,罗江,luojiang,lj,28
2526,马边,mabian,mb,28
2569,马尔康,maerkang,mek,28
2579,茂县,maoxian,mx,28
271,眉山,meishan,ms,28
2592,美姑,meigu,mg,28
2491,米易,miyi,my,28
276,绵阳,mianyang,my,28
2501,绵竹,mianzhu,mz,28
2605,冕宁,mianning,mn,28
2558,名山,mingshan,ms,28
2606,木里,muli,ml,28
2525,沐川,muchuan,mc,28
298,内江,neijiang,nj,28
2494,纳溪,naxi,nx,28
2532,南部,nanbu,nb,28
287,南充,nanchong,nc,28
2563,南江,nanjiang,nj,28
2581,南坪,nanping,np,28
2541,南溪,nanxi,nx,28
2599,宁南,ningnan,nn,28
2490,攀枝花,panzhihua,pzh,28
2535,彭山,pengshan,ps,28
2476,彭州,pengzhou,pz,28
2530,蓬安,pengan,pa,28
2516,蓬溪,pengxi,px,28
2480,郫县,pixian,px,28
2564,平昌,pingchang,pc,28
307,平武,pingwu,pw,28
2546,屏山,pingshan,ps,28
2482,蒲江,pujiang,pj,28
2598,普格,puge,pg,28
2510,青川,qingchuan,qc,28
2538,青神,qingshen,qs,28
2477,邛崃,qionglai,ql,28
326,渠县,quxian,qx,28
2578,壤塘,rangtang,rt,28
2493,仁和,renhe,rh,28
2534,仁寿,renshou,rs,28
2488,荣县,rongxian,rx,28
332,若尔盖,ruoergai,reg,28
2506,三台,santai,st,28
337,色达,seda,sd,28
2515,射洪,shehong,sh,28
2500,什邡,shenfang,sf,28
2557,石棉,shimian,sm,28
2589,石渠,shiqu,sq,28
2481,双流,shuangliu,sl,28
365,松潘,songpan,sp,28
2514,遂宁,suining,sn,28
2559,天全,tianquan,tq,28
2565,通江,tongjiang,tj,28
393,万源,wanyuan,wy,28
2511,旺苍,wangcang,wc,28
2519,威远,weiyuan,wy,28
2474,温江,wenjiang,wj,28
2572,汶川,wenchuan,wc,28
2550,武胜,wusheng,ws,28
417,西昌,xichang,xc,28
2533,西充,xichong,xc,28
2600,喜德,xide,xd,28
2588,乡城,xiangcheng,xc,28
2575,小金,xiaojin,xj,28
2473,新都,xindou,xd,28
427,新津,xinjin,xj,28
2585,新龙,xinlong,xl,28
2540,兴文,xingwen,xw,28
2496,叙永,xuyong,xy,28
2552,宣汉,xuanhan,xh,28
437,雅安,yaan,ya,28
2584,雅江,yajiang,yj,28
2492,盐边,yanbian,yb,28
2505,盐亭,yanting,yt,28
2603,盐源,yanyuan,yy,28
2531,仪陇,yilong,yl,28
447,宜宾,yibin,yb,28
2539,宜宾县,yibinxian,ybx,28
2560,荥经,yingjing,yj,28
2529,营山,yingshan,ys,28
2548,岳池,yuechi,yc,28
2602,越西,yuexi,yx,28
2593,昭觉,zhaojue,zj,28
2502,中江,zhongjiang,zj,28
2566,资阳,ziyang,zy,28
2517,资中,zizhong,zz,28
2507,梓潼,zitong,zt,28
2487,自贡,zigong,zg,28
219,昆明,kunming,km,29
10,安宁,anning,an,29
25,保山,baoshan,bs,29
2696,宾川,binchuan,bc,29
2666,沧源,cangyuan,cy,29
2635,昌宁,changning,cn,29
2609,呈贡,chenggong,cg,29
2627,澄江,chengjiang,cj,29
58,楚雄,chuxiong,cx,29
2640,大关,daguan,dg,29
63,大理,dali,dl,29
2691,大姚,dayao,dy,29
2710,德宏,dehong,dh,29
2716,德钦,deqin,dq,29
2608,东川,dongchuan,dc,29
2631,峨山,eshan,es,29
2700,洱源,eryuan,ey,29
2661,凤庆,fengqing,fq,29
2712,福贡,fugong,fg,29
2610,富民,fumin,fm,29
2636,富宁,funing,fn,29
2624,富源,fuyuan,fy,29
2675,个旧,gejiu,gj,29
117,耿马,gengma,gm,29
2713,贡山,gongshan,gs,29
125,广南,guangnan,gn,29
2616,河口(云南),hekou,hk,29
2702,鹤庆,heqing,hq,29
2683,红河,honghe,hh,29
2629,华宁,huaning,hn,29
2648,华坪,huaping,hp,29
170,会泽,huize,hz,29
2678,建水,jianshui,js,29
2701,剑川,jianchuan,jc,29
181,江城,jiangcheng,jc,29
2626,江川,jiangchuan,jc,29
2684,金平,jinping,jp,29
220,晋宁,jinning,jn,29
2654,景东,jingdong,jd,29
2655,景谷,jinggu,jg,29
2887,景洪,jinghong,jh,29
2676,开远,kaiyuan,ky,29
2711,兰坪,lanping,lp,29
222,澜沧,lancang,lc,29
2651,丽江,lijiang,lj,29
2707,梁河,lianghe,lh,29
235,临沧,lincang,lc,29
2715,六库,liuku,lk,29
2634,龙陵,longling,ll,29
2709,陇川,longchuan,lc,29
258,泸水,lushui,ls,29
2681,泸西,luxi,lx,29
2637,鲁甸,ludian,ld,29
2621,陆良,luliang,ll,29
2694,禄丰,lufeng,lf,29
2614,禄劝,luquan,lq,29
2706,芒市,mangshi,ms,29
2677,绿春,lvchun,lc,29
2623,罗平,luoping,lp,29
2671,麻栗坡,malipo,mlp,29
2672,马关,maguan,mg,29
2620,马龙,malong,ml,29
2888,勐海,menghai,mh,29
2889,勐腊,mengla,ml,29
275,蒙自,mengzi,mz,29
2657,孟连,menglian,ml,29
2697,弥渡,midu,md,29
2680,弥勒,mile,ml,29
2653,墨江,mojiang,mj,29
2688,牟定,mouding,md,29
2689,南华,nanhua,nh,29
2704,南涧,nanjian,nj,29
2659,宁洱,ninger,ne,29
2650,宁蒗,ninglang,nl,29
2714,怒江,nujiang,nj,29
2686,屏边,pingbian,pb,29
361,普洱,puer,pe,29
2638,巧家,qiaojia,qj,29
2673,丘北,qiubei,qb,29
2618,曲靖,qujing,qj,29
331,瑞丽,ruili,rl,29
2622,师宗,shizong,sz,29
2633,施甸,shidian,sd,29
2613,石林,shilin,sl,29
2679,石屏,shiping,sp,29
2687,双柏,shuangbo,sb,29
2665,双江,shuangjiang,sj,29
2646,水富,shuifu,sf,29
2612,嵩明,songming,sm,29
2642,绥江,suijiang,sj,29
2617,太华山,taihuashan,ths,29
377,腾冲,tengchong,tc,29
2628,通海,tonghai,th,29
2645,威信,weixin,wx,29
2705,巍山,weishan,ws,29
2719,维西,weixi,wx,29
2667,文山,wenshan,ws,29
2693,武定,wuding,wd,29
2670,西畴,xichou,xc,29
2658,西盟,ximeng,xm,29
2717,香格里拉,xianggelila,xgll,29
2695,祥云,xiangyun,xy,29
2632,新平,xinping,xp,29
2619,宣威,xuanwei,xw,29
2615,寻甸,xundian,xd,29
2639,盐津,yanjin,yj,29
2669,砚山,yanshan,ys,29
2703,漾濞,yangbi,yb,29
2690,姚安,yaoan,ya,29
2611,宜良,yiliang,yl,29
2644,彝良,yiliang,yl,29
2630,易门,yimen,ym,29
2708,盈江,yingjiang,yj,29
2663,永德,yongde,yd,29
2698,永平,yongping,yp,29
2692,永仁,yongren,yr,29
2641,永善,yongshan,ys,29
2647,永胜,yongsheng,ys,29
2625,玉溪,yuxi,yx,29
465,元江,yuanjiang,yj,29
467,元谋,yuanmou,ym,29
2682,元阳,yuanyang,yy,29
2699,云龙,yunlong,yl,29
2662,云县,yunxian,yx,29
486,沾益,zhanyi,zy,29
487,昭通,zhaotong,zt,29
2664,镇康,zhenkang,zk,29
2643,镇雄,zhenxiong,zx,29
2656,镇沅,zhenyuan,zy,29
2720,中甸,zhongdian,zd,29
130,贵阳,guiyang,gy,30
2771,安龙,anlong,al,30
13,安顺,anshun,as,30
2725,白云,baiyun,by,30
36,毕节,bijie,bj,30
2768,册亨,ceheng,ch,30
2785,岑巩,cengong,cg,30
2793,长顺,changshun,cs,30
2731,赤水,chishui,cs,30
2774,从江,congjiang,cj,30
2759,大方,dafang,df,30
2786,丹寨,danzhai,dz,30
2741,道真,daozhen,dz,30
2750,德江,dejiang,dj,30
2787,都匀,douyun,dy,30
91,独山,dushan,ds,30
2737,凤冈,fenggang,fg,30
2788,福泉,fuquan,fq,30
2748,关岭,guanling,gl,30
127,贵定,guiding,gd,30
2763,赫章,hezhang,hz,30
2947,红花岗,honghuagang,hhg,30
2724,花溪,huaxi,hx,30
2780,黄平,huangping,hp,30
2743,汇川,huichuan,hc,30
2789,惠水,huishui,hs,30
2781,剑河,jianhe,jh,30
2751,江口,jiangkou,jk,30
2762,金沙,jinsha,js,30
2775,锦屏,jinping,jp,30
210,开阳,kaiyang,ky,30
2772,凯里,kaili,kl,30
2783,雷山,leishan,ls,30
2784,黎平,liping,lp,30
2791,荔波,libo,lb,30
2730,六枝,liuzhi,lz,30
251,龙里,longli,ll,30
255,罗甸,luodian,ld,30
2777,麻江,majiang,mj,30
2740,湄潭,meitan,mt,30
2764,纳雍,nayong,ny,30
2945,南明,nanming,nm,30
2729,盘县,panxian,px,30
2745,平坝,pingba,pb,30
2792,平塘,pingtang,pt,30
2767,普安,puan,pa,30
2744,普定,puding,pd,30
2758,黔西,qianxi,qx,30
2721,清镇,qingzhen,qz,30
2769,晴隆,qinglong,ql,30
2732,仁怀,renhuai,rh,30
330,榕江,rongjiang,rj,30
2794,三都,sandou,sd,30
2782,三穗,sansui,ss,30
2773,施秉,shibing,sb,30
2752,石阡,shiqian,sq,30
2727,水城,shuicheng,sc,30
362,思南,sinan,sn,30
2754,松桃,songtao,st,30
2734,绥阳,suiyang,sy,30
2778,台江,taijiang,tj,30
2779,天柱,tianzhu,tz,30
2735,桐梓,tongzi,tz,30
2749,铜仁,tongren,tr,30
2757,万山,wanshan,ws,30
2766,望谟,wangmo,wm,30
397,威宁,weining,wn,30
2790,瓮安,wengan,wa,30
2726,乌当,wudang,wd,30
2742,务川,wuchuan,wc,30
2723,息烽,xifeng,xf,30
2736,习水,xishui,xs,30
2946,小河,xiaohe,xh,30
424,兴仁,xingren,xr,30
2765,兴义,xingyi,xy,30
2722,修文,xiuwen,xw,30
2756,沿河,yanhe,yh,30
2755,印江,yinjiang,yj,30
2739,余庆,yuqing,yq,30
2753,玉屏,yuping,yp,30
2944,云岩,yunyan,yy,30
2770,贞丰,zhenfeng,zf,30
2746,镇宁,zhenning,zn,30
2776,镇远,zhenyuan,zy,30
2738,正安,zhengan,za,30
2761,织金,zhijin,zj,30
2747,紫云,ziyun,zy,30
498,遵义,zunyi,zy,30
2733,遵义县,zunyixian,zyx,30
228,拉萨,lasa,ls,31
2849,阿里,ali,al,31
2846,安多,anduo,ad,31
2830,昂仁,angren,ar,31
2807,八宿,basu,bs,31
2848,巴青,baqing,bq,31
2832,白朗,bailang,bl,31
18,班戈,bange,bg,31
2844,比如,biru,br,31
2811,边坝,bianba,bb,31
2860,波密,bomi,bm,31
2812,察雅,chaya,cy,31
2859,察隅,chayu,cy,31
2802,昌都,changdou,cd,31
2818,措美,cuomei,cm,31
2851,措勤,cuoqin,cq,31
2822,错那,cuonei,cn,31
2800,达孜,dazi,dz,31
2796,当雄,dangxiong,dx,31
77,丁青,dingqing,dq,31
2835,定结,dingjie,dj,31
2827,定日,dingri,dr,31
2948,堆龙德庆,duilongdeqing,dldq,31
2850,噶尔,gaer,ge,31
2856,改则,gaize,gz,31
2841,岗巴,gangba,gb,31
2855,革吉,geji,gj,31
2861,工布江达,gongbujiangda,gbjd,31
119,贡嘎,gongga,gg,31
2805,贡觉,gongjue,gj,31
2838,吉隆,jilong,jl,31
2820,加查,jiacha,jc,31
2843,嘉黎,jiali,jl,31
2804,江达,jiangda,jd,31
2826,江孜,jiangzi,jz,31
2834,康马,kangma,km,31
2829,拉孜,lazi,lz,31
2857,朗县,langxian,lx,31
2823,浪卡子,langkazi,lkz,31
2806,类乌齐,leiwuqi,lwq,31
302,林芝,linzhi,lz,31
2795,林周,linzhou,lz,31
2821,隆子,longzi,lz,31
2810,洛隆,luolong,ll,31
2819,洛扎,luozha,lz,31
2809,芒康,mangkang,mk,31
2858,米林,milin,ml,31
2951,墨脱,motuo,mt,31
2801,墨竹贡卡,mozhugongka,mzgk,31
284,那曲,neiqu,nq,31
2814,乃东,naidong,nd,31
2825,南木林,nanmulin,nml,31
2950,尼玛,nima,nm,31
2797,尼木,nimu,nm,31
2839,聂拉木,nielamu,nlm,31
2845,聂荣,nierong,nr,31
304,帕里,pali,pl,31
2852,普兰,pulan,pl,31
2816,琼结,qiongjie,qj,31
2798,曲水,qushui,qs,31
2817,曲松,qusong,qs,31
2833,仁布,renbu,rb,31
419,日喀则,rikaze,rkz,31
2854,日土,ritu,rt,31
2840,萨嘎,saga,sg,31
2828,萨迦,sajia,sj,31
2949,桑日,sangri,sr,31
2813,山南,shannan,sn,31
409,申扎,shenzha,sz,31
358,狮泉河,shiquanhe,sqh,31
364,索县,suoxian,sx,31
2831,谢通门,xietongmen,xtm,31
2891,新界,xinjie,xj,31
2837,亚东,yadong,yd,31
2824,泽当,zedang,zd,31
2853,札达,zhada,zd,31
2815,札囊,zhanang,zn,31
2836,仲巴,zhongba,zb,31
2808,左贡,zuogong,zg,31
2862,台北,taibei,tb,32
2865,高雄,gaoxiong,gx,32
2882,花莲,hualian,hl,32
2870,嘉义,jiayi,jy,32
2873,苗栗,miaoli,ml,32
2876,南投,nantou,nt,32
2880,屏东,pingdong,pd,32
2863,台北县,taibeixian,tbx,32
2881,台东,taidong,td,32
2878,台南,tainan,tn,32
2867,台中,taizhong,tz,32
2872,桃园,taoyuan,ty,32
2869,新竹,xinzhu,xz,32
2871,宜兰,yilan,yl,32
2877,云林,yunlin,yl,32
2875,彰化,zhanghua,zh,32
157,香港,xianggang,xg,33
262,澳门,aomen,am,34
6001,喀布尔,kabuer,kbe,6000
6002,坎大哈,kadaha,kdh,6000
6003,赫拉特,helate,hlt,6000
7001,伊斯兰堡,yisilanbao,yslb,7000
7002,卡拉奇,kalaqi,klq,7000
8001,平壤,pingrang,pr,8000
9001,莫斯科,mosike,msk,9000
9002,圣彼得堡,shengbidebao,sbdb,9000
10001,马尼拉,manila,mnl,10000
11001,首尔,shouer,se,11000
11002,釜山,fushan,fs,11000
11003,安养,anyang,ay,11000
11004,仁川,renchuan,rc,11000
11005,水原,shuiyuan,sy,11000
12001,金边,jinbian,jb,12000
13001,永珍,yongzhen,yz,13000
14001,贝鲁特,beilute,blt,14000
15001,吉隆坡,jilongpo,jlp,15000
15002,马六甲,maliujia,mlj,15000
16001,乌兰巴托,wulanbatuo,wlbt,16000
17001,仰光,yangguang,yg,17000
18001,加德满都,jiademandu,jdmd,18000
19001,东京,dongjing,dj,19000
19002,大阪,daban,db,19000
19003,横滨,hengbin,hb,19000
19004,神户,shenhu,sh,19000
20001,科伦坡,kelunpo,klp,20000
21001,曼谷,mangu,mg,21000
22001,安卡拉,ankala,akl,22000
22002,伊斯坦布尔,yisitanbuer,ystbe,22000
23001,塔什干,tashengan,tsg,23000
24001,新加坡,xinjiapo,xjp,24000
25001,巴格达,bageda,bgd,25000
26001,德黑兰,deheilan,dhl,26000
27001,耶路撒冷,yelusaleng,ylsl,27000
28001,新德里,xindeli,xdl,28000
28002,孟买,mengmai,mm,28000
29001,雅加达,yajiada,yjd,29000
30001,河内,henei,hn,30000
30002,胡志明市,huzhimingshi,hzms,30000
31001,渥太华,wotaihua,wth,31000
31002,多伦多,duolunduo,dld,31000
31003,蒙特利尔,mengtelier,mtle,31000
31004,班夫,banfu,bf,31000
31005,卡尔加里,kaerjiali,kejl,31000
31006,温哥华,wengehua,wgh,31000
31007,维多利亚,weiduoliya,wdly,31000
32001,波特兰,botelan,btl,32000
32002,费城,feicheng,fc,32000
32003,匹兹堡,pizibao,pzb,32000
32004,休斯敦,xiusidun,xsd,32000
32005,迈阿密,maiami,mam,32000
32006,华盛顿,huashengdun,hsd,32000
32007,西雅图,xiyatu,xyt,32000
32008,洛杉矶,luoshanji,lsj,32000
32009,旧金山,jiujinshan,jjs,32000
32010,丹佛,danfo,df,32000
32011,波士顿,boshidun,bsd,32000
32012,亚特兰大,yatelanda,ytld,32000
32013,底特律,ditelv,dtl,32000
32014,拉斯韦加斯,lasiweijiasi,lswjs,32000
32015,纽约,niuyue,ny,32000
32017,大西洋城,daxiyangcheng,dxyc,32000
32018,芝加哥,zhijiage,zjg,32000
33001,布宜诺斯艾利斯,buyinuosiailisi,bynsals,33000
34001,亚松森,yasongsen,yss,34000
35001,巴西利亚,baxiliya,bxly,35000
35002,卡萨布兰卡,kasabulanka,ksblk,91000
35003,圣保罗,shengbaoluo,sbl,35000
36001,塔利亚,taliya,tly,36000
37001,基多,jiduo,jd,37000
38001,亚美尼亚,yameiniya,ymny,38000
38002,佩雷拉,peileila,pll,38000
38003,波哥达,bogeda,bgd,38000
39002,哈瓦那,hawanei,hwn,39000
40001,利马,lima,lm,40000
41001,墨西哥城,moxigecheng,mxgc,41000
42001,巴伦西亚,balunxiya,blxy,42000
43001,蒙特维德亚,mengteweideya,mtwdy,43000
44001,圣地亚哥,shengdiyage,sdyg,44000
45001,悉尼,xini,xn,45000
45002,墨尔本,moerben,meb,45000
45003,堪培拉,kanpeila,kpl,45000
46001,奥克兰,aokelan,akl,46000
46002,惠灵顿,huilingdun,hld,46000
47001,地拉那,dilanei,dln,47000
48001,都柏林,doubolin,dbl,48000
49001,维也纳,weiyena,wyn,49000
50001,布勒斯特,bulesite,blst,50000
51001,布尔加斯,buerjiasi,bejs,51000
52001,布鲁塞尔,bulusaier,blse,52000
53001,阿库雷立,akuleili,akll,53000
54001,华沙,huasha,hs,54000
55001,哥本哈根,gebenhagen,gbhg,55000
55002,赫尔辛格,heerxinge,hexg,55000
56001,法兰克福,falankefu,flkf,56000
56002,柏林,bolin,bl,56000
56003,波恩,boen,be,56000
56004,慕尼黑,munihei,mnh,56000
56005,斯图加特,situjiate,stjt,56000
57001,巴黎,bali,bl,57000
57002,里昂,liang,la,57000
57003,凡尔赛,fanersai,fes,57000
58001,赫尔辛基,heerxinji,hexj,58000
59001,阿姆斯特丹,amusitedan,amstd,59000
59002,鹿特丹,lutedan,ltd,59000
60001,布拉格,bulage,blg,60000
61001,里耶卡,liyeka,lyk,61000
61002,萨格勒布,sagelebu,sglb,61000
62001,卢森堡,lusenbao,lsb,62000
63001,布加勒斯特,bujialesite,bjlst,63000
64001,蒙地卡罗,mengdikaluo,mdkl,64000
65001,贝尔格莱德,beiergelaide,begld,65000
66001,奥斯陆,aosilu,asl,66000
67001,里斯本,lisiben,lsb,67000
68001,斯德哥尔摩,sidegeermo,sdgem,68000
68002,哥德堡,gedebao,gdb,68000
69001,苏黎世,sulishi,sls,69000
69002,日内瓦,rineiwa,rnw,69000
69003,伯尔尼,boerni,ben,69000
70001,卢布尔雅那,lubueryanei,lbeyn,70000
71001,巴塞罗那,basailuonei,bsln,71000
71002,马德里,madeli,mdl,71000
72001,雅典,yadian,yd,72000
73001,布达佩斯,budapeisi,bdps,73000
74001,罗马,luoma,lm,74000
74002,米兰,milan,ml,74000
74003,梵蒂冈,fandigang,fdg,74000
74004,威尼斯,weinisi,wns,74000
74005,比萨,bisa,bs,74000
74006,佛罗伦萨,foluolunsa,flls,74000
75001,伦敦,lundun,ld,75000
75002,曼彻斯特,manchesite,mcst,75000
75003,利物浦,liwupu,lwp,75000
76001,伯明翰,bominghan,bmh,76000
77001,阿尔及尔,aerjier,aeje,77000
78001,开罗,kailuo,kl,78000
78002,亚历山大,yalishanda,ylsd,78000
79001,罗安达,luoanda,lad,79000
80001,布琼布拉,buqiongbula,bqbl,80000
81001,巴塔,bata,bt,81000
82001,布拉扎维,bulazhawei,blzw,82000
83001,利伯维尔,liboweier,lbwe,83000
84001,阿克拉,akela,akl,84000
85001,布拉瓦约,bulawayue,blwy,85000
86001,布埃亚,buaiya,bay,86000
87001,莫罗尼,moluoni,mln,87000
88001,蒙巴萨,mengbasa,mbs,88000
88002,内罗毕,neiluobi,nlb,88000
89001,蒙罗维亚,mengluoweiya,mlwy,89000
90001,基加利,jijiali,jjl,90000
91001,拉巴特,labate,lbt,91000
92001,马普托,maputuo,mpt,92000
93001,温得和克,wendeheke,wdhk,93000
94001,约翰尼斯堡,yuehannisibao,yhnsb,94000
94002,兹瓦内,ziwanei,zwn,94000
95001,尼亚美,niyamei,nym,95000
96001,阿布贾,abujia,abj,96000
97001,弗里敦,fulidun,fld,97000
98001,达喀尔,dakaer,dke,98000
99001,摩加迪沙,mojiadisha,mjds,99000
100001,达累斯萨拉姆,daleisisalamu,dlsslm,100000
101001,突尼斯,tunisi,tns,101000
102001,坎帕拉,kanpala,kpl,102000
103001,卢萨卡,lusaka,lsk,103000
104001,班吉,banji,bj,104000
